ISO-10303-21;
HEADER;
/* Generated by software containing ST-Developer
 * from STEP Tools, Inc. (www.steptools.com) 
 */
/* OPTION: using custom renumber hook */

FILE_DESCRIPTION(
/* description */ ('STEP AP214'),
/* implementation_level */ '2;1');

FILE_NAME(
/* name */ 'MMCXV-J-P-HF-ST-TH1',
/* time_stamp */ '2023-12-11T05:44:58+01:00',
/* author */ ('License CC BY-ND 4.0'),
/* organization */ ('CADENAS'),
/* preprocessor_version */ 'ST-DEVELOPER v19.3',
/* originating_system */ 'PARTsolutions',
/* authorisation */ '  ');

FILE_SCHEMA (('AUTOMOTIVE_DESIGN {1 0 10303 214 3 1 1}'));
ENDSEC;

DATA;
#10=PROPERTY_DEFINITION_REPRESENTATION(#14,#12);
#11=PROPERTY_DEFINITION_REPRESENTATION(#15,#13);
#12=REPRESENTATION('',(#16),#2501);
#13=REPRESENTATION('',(#17),#2501);
#14=PROPERTY_DEFINITION('pmi validation property','',#2506);
#15=PROPERTY_DEFINITION('pmi validation property','',#2506);
#16=VALUE_REPRESENTATION_ITEM('number of annotations',COUNT_MEASURE(0.));
#17=VALUE_REPRESENTATION_ITEM('number of views',COUNT_MEASURE(0.));
#18=SHAPE_REPRESENTATION_RELATIONSHIP('','',#1473,#19);
#19=ADVANCED_BREP_SHAPE_REPRESENTATION('',(#1471),#2501);
#20=TOROIDAL_SURFACE('',#1520,1.65,0.5);
#21=TOROIDAL_SURFACE('',#1526,1.65,0.1);
#22=TOROIDAL_SURFACE('',#1530,1.75,0.124999999999999);
#23=TOROIDAL_SURFACE('',#1534,1.75,0.124999999999999);
#24=TOROIDAL_SURFACE('',#1538,1.75,0.124999999999999);
#25=TOROIDAL_SURFACE('',#1542,1.75,0.125);
#26=CYLINDRICAL_SURFACE('',#1514,1.205);
#27=CYLINDRICAL_SURFACE('',#1518,1.15);
#28=CYLINDRICAL_SURFACE('',#1528,1.75);
#29=CYLINDRICAL_SURFACE('',#1532,1.625);
#30=CYLINDRICAL_SURFACE('',#1536,1.75);
#31=CYLINDRICAL_SURFACE('',#1540,1.625);
#32=CYLINDRICAL_SURFACE('',#1544,1.75);
#33=CYLINDRICAL_SURFACE('',#1555,2.24999999999993);
#34=CYLINDRICAL_SURFACE('',#1557,2.24999999999998);
#35=CYLINDRICAL_SURFACE('',#1558,2.24999999999993);
#36=CYLINDRICAL_SURFACE('',#1559,2.24999999999996);
#37=CYLINDRICAL_SURFACE('',#1604,1.50000000000001);
#38=CYLINDRICAL_SURFACE('',#1605,1.50000000000001);
#39=CYLINDRICAL_SURFACE('',#1606,1.5);
#40=CYLINDRICAL_SURFACE('',#1608,1.50000000000001);
#41=CYLINDRICAL_SURFACE('',#1614,0.35);
#42=CYLINDRICAL_SURFACE('',#1618,1.15);
#43=LINE('',#2131,#167);
#44=LINE('',#2132,#168);
#45=LINE('',#2134,#169);
#46=LINE('',#2135,#170);
#47=LINE('',#2142,#171);
#48=LINE('',#2145,#172);
#49=LINE('',#2147,#173);
#50=LINE('',#2149,#174);
#51=LINE('',#2151,#175);
#52=LINE('',#2153,#176);
#53=LINE('',#2155,#177);
#54=LINE('',#2157,#178);
#55=LINE('',#2159,#179);
#56=LINE('',#2161,#180);
#57=LINE('',#2164,#181);
#58=LINE('',#2166,#182);
#59=LINE('',#2168,#183);
#60=LINE('',#2170,#184);
#61=LINE('',#2172,#185);
#62=LINE('',#2174,#186);
#63=LINE('',#2176,#187);
#64=LINE('',#2178,#188);
#65=LINE('',#2180,#189);
#66=LINE('',#2183,#190);
#67=LINE('',#2185,#191);
#68=LINE('',#2187,#192);
#69=LINE('',#2189,#193);
#70=LINE('',#2191,#194);
#71=LINE('',#2193,#195);
#72=LINE('',#2195,#196);
#73=LINE('',#2197,#197);
#74=LINE('',#2199,#198);
#75=LINE('',#2202,#199);
#76=LINE('',#2204,#200);
#77=LINE('',#2206,#201);
#78=LINE('',#2208,#202);
#79=LINE('',#2210,#203);
#80=LINE('',#2212,#204);
#81=LINE('',#2214,#205);
#82=LINE('',#2216,#206);
#83=LINE('',#2218,#207);
#84=LINE('',#2222,#208);
#85=LINE('',#2224,#209);
#86=LINE('',#2226,#210);
#87=LINE('',#2228,#211);
#88=LINE('',#2232,#212);
#89=LINE('',#2235,#213);
#90=LINE('',#2239,#214);
#91=LINE('',#2241,#215);
#92=LINE('',#2243,#216);
#93=LINE('',#2245,#217);
#94=LINE('',#2249,#218);
#95=LINE('',#2252,#219);
#96=LINE('',#2256,#220);
#97=LINE('',#2258,#221);
#98=LINE('',#2260,#222);
#99=LINE('',#2262,#223);
#100=LINE('',#2266,#224);
#101=LINE('',#2271,#225);
#102=LINE('',#2272,#226);
#103=LINE('',#2273,#227);
#104=LINE('',#2274,#228);
#105=LINE('',#2339,#229);
#106=LINE('',#2341,#230);
#107=LINE('',#2343,#231);
#108=LINE('',#2345,#232);
#109=LINE('',#2347,#233);
#110=LINE('',#2349,#234);
#111=LINE('',#2351,#235);
#112=LINE('',#2353,#236);
#113=LINE('',#2355,#237);
#114=LINE('',#2357,#238);
#115=LINE('',#2359,#239);
#116=LINE('',#2361,#240);
#117=LINE('',#2363,#241);
#118=LINE('',#2365,#242);
#119=LINE('',#2367,#243);
#120=LINE('',#2369,#244);
#121=LINE('',#2371,#245);
#122=LINE('',#2373,#246);
#123=LINE('',#2375,#247);
#124=LINE('',#2377,#248);
#125=LINE('',#2379,#249);
#126=LINE('',#2381,#250);
#127=LINE('',#2382,#251);
#128=LINE('',#2384,#252);
#129=LINE('',#2386,#253);
#130=LINE('',#2388,#254);
#131=LINE('',#2391,#255);
#132=LINE('',#2393,#256);
#133=LINE('',#2395,#257);
#134=LINE('',#2397,#258);
#135=LINE('',#2400,#259);
#136=LINE('',#2402,#260);
#137=LINE('',#2403,#261);
#138=LINE('',#2405,#262);
#139=LINE('',#2408,#263);
#140=LINE('',#2410,#264);
#141=LINE('',#2411,#265);
#142=LINE('',#2413,#266);
#143=LINE('',#2414,#267);
#144=LINE('',#2416,#268);
#145=LINE('',#2417,#269);
#146=LINE('',#2419,#270);
#147=LINE('',#2421,#271);
#148=LINE('',#2422,#272);
#149=LINE('',#2424,#273);
#150=LINE('',#2426,#274);
#151=LINE('',#2435,#275);
#152=LINE('',#2439,#276);
#153=LINE('',#2440,#277);
#154=LINE('',#2444,#278);
#155=LINE('',#2445,#279);
#156=LINE('',#2449,#280);
#157=LINE('',#2450,#281);
#158=LINE('',#2454,#282);
#159=LINE('',#2462,#283);
#160=LINE('',#2464,#284);
#161=LINE('',#2466,#285);
#162=LINE('',#2468,#286);
#163=LINE('',#2470,#287);
#164=LINE('',#2472,#288);
#165=LINE('',#2474,#289);
#166=LINE('',#2476,#290);
#167=VECTOR('',#1659,1000.);
#168=VECTOR('',#1660,1000.);
#169=VECTOR('',#1663,1000.);
#170=VECTOR('',#1664,1000.);
#171=VECTOR('',#1673,1000.);
#172=VECTOR('',#1674,1000.);
#173=VECTOR('',#1675,1000.);
#174=VECTOR('',#1676,1000.);
#175=VECTOR('',#1677,1000.);
#176=VECTOR('',#1678,1000.);
#177=VECTOR('',#1679,1000.);
#178=VECTOR('',#1680,1000.);
#179=VECTOR('',#1681,1000.);
#180=VECTOR('',#1684,1000.);
#181=VECTOR('',#1685,1000.);
#182=VECTOR('',#1686,1000.);
#183=VECTOR('',#1687,1000.);
#184=VECTOR('',#1688,1000.);
#185=VECTOR('',#1689,1000.);
#186=VECTOR('',#1690,1000.);
#187=VECTOR('',#1691,1000.);
#188=VECTOR('',#1692,1000.);
#189=VECTOR('',#1695,1000.);
#190=VECTOR('',#1696,1000.);
#191=VECTOR('',#1697,1000.);
#192=VECTOR('',#1698,1000.);
#193=VECTOR('',#1699,1000.);
#194=VECTOR('',#1700,1000.);
#195=VECTOR('',#1701,1000.);
#196=VECTOR('',#1702,1000.);
#197=VECTOR('',#1703,1000.);
#198=VECTOR('',#1706,1000.);
#199=VECTOR('',#1707,1000.);
#200=VECTOR('',#1708,1000.);
#201=VECTOR('',#1709,1000.);
#202=VECTOR('',#1710,1000.);
#203=VECTOR('',#1711,1000.);
#204=VECTOR('',#1712,1000.);
#205=VECTOR('',#1713,1000.);
#206=VECTOR('',#1714,1000.);
#207=VECTOR('',#1717,1000.);
#208=VECTOR('',#1720,1000.);
#209=VECTOR('',#1721,1000.);
#210=VECTOR('',#1722,1000.);
#211=VECTOR('',#1723,1000.);
#212=VECTOR('',#1726,1000.);
#213=VECTOR('',#1731,1000.);
#214=VECTOR('',#1734,1000.);
#215=VECTOR('',#1735,1000.);
#216=VECTOR('',#1736,1000.);
#217=VECTOR('',#1737,1000.);
#218=VECTOR('',#1740,1000.);
#219=VECTOR('',#1745,1000.);
#220=VECTOR('',#1748,1000.);
#221=VECTOR('',#1749,1000.);
#222=VECTOR('',#1750,1000.);
#223=VECTOR('',#1751,1000.);
#224=VECTOR('',#1754,1000.);
#225=VECTOR('',#1761,1000.);
#226=VECTOR('',#1762,1000.);
#227=VECTOR('',#1763,1000.);
#228=VECTOR('',#1764,1000.);
#229=VECTOR('',#1863,1000.);
#230=VECTOR('',#1864,1000.);
#231=VECTOR('',#1865,1000.);
#232=VECTOR('',#1866,1000.);
#233=VECTOR('',#1869,1000.);
#234=VECTOR('',#1870,1000.);
#235=VECTOR('',#1873,1000.);
#236=VECTOR('',#1874,1000.);
#237=VECTOR('',#1877,1000.);
#238=VECTOR('',#1878,1000.);
#239=VECTOR('',#1879,1000.);
#240=VECTOR('',#1882,1000.);
#241=VECTOR('',#1883,1000.);
#242=VECTOR('',#1886,1000.);
#243=VECTOR('',#1887,1000.);
#244=VECTOR('',#1888,1000.);
#245=VECTOR('',#1891,1000.);
#246=VECTOR('',#1892,1000.);
#247=VECTOR('',#1893,1000.);
#248=VECTOR('',#1894,1000.);
#249=VECTOR('',#1897,1000.);
#250=VECTOR('',#1898,1000.);
#251=VECTOR('',#1899,1000.);
#252=VECTOR('',#1902,1000.);
#253=VECTOR('',#1903,1000.);
#254=VECTOR('',#1906,1000.);
#255=VECTOR('',#1907,1000.);
#256=VECTOR('',#1908,1000.);
#257=VECTOR('',#1909,1000.);
#258=VECTOR('',#1912,1000.);
#259=VECTOR('',#1913,1000.);
#260=VECTOR('',#1914,1000.);
#261=VECTOR('',#1915,1000.);
#262=VECTOR('',#1918,1000.);
#263=VECTOR('',#1919,1000.);
#264=VECTOR('',#1920,1000.);
#265=VECTOR('',#1921,1000.);
#266=VECTOR('',#1924,1000.);
#267=VECTOR('',#1925,1000.);
#268=VECTOR('',#1928,1000.);
#269=VECTOR('',#1929,1000.);
#270=VECTOR('',#1932,1000.);
#271=VECTOR('',#1935,1000.);
#272=VECTOR('',#1936,1000.);
#273=VECTOR('',#1939,1000.);
#274=VECTOR('',#1940,1000.);
#275=VECTOR('',#1955,1000.);
#276=VECTOR('',#1958,1000.);
#277=VECTOR('',#1959,1000.);
#278=VECTOR('',#1962,1000.);
#279=VECTOR('',#1963,1000.);
#280=VECTOR('',#1966,1000.);
#281=VECTOR('',#1967,1000.);
#282=VECTOR('',#1970,1000.);
#283=VECTOR('',#1985,1000.);
#284=VECTOR('',#1988,1000.);
#285=VECTOR('',#1991,1000.);
#286=VECTOR('',#1994,1000.);
#287=VECTOR('',#1997,1000.);
#288=VECTOR('',#2000,1000.);
#289=VECTOR('',#2003,1000.);
#290=VECTOR('',#2006,1000.);
#291=PLANE('',#1491);
#292=PLANE('',#1492);
#293=PLANE('',#1496);
#294=PLANE('',#1497);
#295=PLANE('',#1498);
#296=PLANE('',#1499);
#297=PLANE('',#1500);
#298=PLANE('',#1504);
#299=PLANE('',#1508);
#300=PLANE('',#1512);
#301=PLANE('',#1524);
#302=PLANE('',#1549);
#303=PLANE('',#1551);
#304=PLANE('',#1553);
#305=PLANE('',#1561);
#306=PLANE('',#1562);
#307=PLANE('',#1563);
#308=PLANE('',#1564);
#309=PLANE('',#1565);
#310=PLANE('',#1566);
#311=PLANE('',#1567);
#312=PLANE('',#1568);
#313=PLANE('',#1569);
#314=PLANE('',#1570);
#315=PLANE('',#1571);
#316=PLANE('',#1572);
#317=PLANE('',#1573);
#318=PLANE('',#1574);
#319=PLANE('',#1575);
#320=PLANE('',#1576);
#321=PLANE('',#1577);
#322=PLANE('',#1578);
#323=PLANE('',#1581);
#324=PLANE('',#1582);
#325=PLANE('',#1583);
#326=PLANE('',#1584);
#327=PLANE('',#1585);
#328=PLANE('',#1590);
#329=PLANE('',#1592);
#330=PLANE('',#1594);
#331=PLANE('',#1596);
#332=PLANE('',#1597);
#333=PLANE('',#1598);
#334=PLANE('',#1599);
#335=PLANE('',#1600);
#336=PLANE('',#1601);
#337=PLANE('',#1602);
#338=PLANE('',#1603);
#339=PLANE('',#1609);
#340=PLANE('',#1610);
#341=PLANE('',#1616);
#342=PLANE('',#1619);
#343=PLANE('',#1620);
#344=PLANE('',#1621);
#345=PLANE('',#1622);
#346=B_SPLINE_CURVE_WITH_KNOTS('',3,(#2050,#2051,#2052,#2053),
 .UNSPECIFIED.,.F.,.F.,(4,4),(2.85362074789124E-7,0.000100622066392424),
 .UNSPECIFIED.);
#347=B_SPLINE_CURVE_WITH_KNOTS('',3,(#2057,#2058,#2059,#2060),
 .UNSPECIFIED.,.F.,.F.,(4,4),(2.88686149373964E-7,0.000100625390467009),
 .UNSPECIFIED.);
#348=B_SPLINE_CURVE_WITH_KNOTS('',3,(#2065,#2066,#2067,#2068),
 .UNSPECIFIED.,.F.,.F.,(4,4),(2.85362074789124E-7,0.000100622066392424),
 .UNSPECIFIED.);
#349=B_SPLINE_CURVE_WITH_KNOTS('',3,(#2072,#2073,#2074,#2075),
 .UNSPECIFIED.,.F.,.F.,(4,4),(2.88686149373964E-7,0.000100625390467009),
 .UNSPECIFIED.);
#350=B_SPLINE_CURVE_WITH_KNOTS('',3,(#2077,#2078,#2079,#2080),
 .UNSPECIFIED.,.F.,.F.,(4,4),(2.01273235696799E-7,0.00113703167038956),
 .UNSPECIFIED.);
#351=B_SPLINE_CURVE_WITH_KNOTS('',3,(#2084,#2085,#2086,#2087),
 .UNSPECIFIED.,.F.,.F.,(4,4),(2.01172708677078E-7,0.00113703104090215),
 .UNSPECIFIED.);
#352=B_SPLINE_CURVE_WITH_KNOTS('',3,(#2089,#2090,#2091,#2092),
 .UNSPECIFIED.,.F.,.F.,(4,4),(2.01273235696799E-7,0.00113703167038956),
 .UNSPECIFIED.);
#353=B_SPLINE_CURVE_WITH_KNOTS('',3,(#2096,#2097,#2098,#2099),
 .UNSPECIFIED.,.F.,.F.,(4,4),(2.01172708677078E-7,0.00113703104090215),
 .UNSPECIFIED.);
#354=B_SPLINE_CURVE_WITH_KNOTS('',3,(#2104,#2105,#2106,#2107),
 .UNSPECIFIED.,.F.,.F.,(4,4),(2.01245076329753E-7,0.00120719435933705),
 .UNSPECIFIED.);
#355=B_SPLINE_CURVE_WITH_KNOTS('',3,(#2111,#2112,#2113,#2114),
 .UNSPECIFIED.,.F.,.F.,(4,4),(2.01112391792737E-7,0.00120719402240797),
 .UNSPECIFIED.);
#356=B_SPLINE_CURVE_WITH_KNOTS('',3,(#2119,#2120,#2121,#2122),
 .UNSPECIFIED.,.F.,.F.,(4,4),(2.01245076329753E-7,0.00120719435933705),
 .UNSPECIFIED.);
#357=B_SPLINE_CURVE_WITH_KNOTS('',3,(#2126,#2127,#2128,#2129),
 .UNSPECIFIED.,.F.,.F.,(4,4),(2.01112391792737E-7,0.00120719402240797),
 .UNSPECIFIED.);
#358=ORIENTED_EDGE('',*,*,#750,.F.);
#359=ORIENTED_EDGE('',*,*,#751,.T.);
#360=ORIENTED_EDGE('',*,*,#752,.T.);
#361=ORIENTED_EDGE('',*,*,#753,.T.);
#362=ORIENTED_EDGE('',*,*,#754,.F.);
#363=ORIENTED_EDGE('',*,*,#755,.T.);
#364=ORIENTED_EDGE('',*,*,#756,.T.);
#365=ORIENTED_EDGE('',*,*,#757,.T.);
#366=ORIENTED_EDGE('',*,*,#752,.F.);
#367=ORIENTED_EDGE('',*,*,#758,.T.);
#368=ORIENTED_EDGE('',*,*,#759,.T.);
#369=ORIENTED_EDGE('',*,*,#760,.T.);
#370=ORIENTED_EDGE('',*,*,#756,.F.);
#371=ORIENTED_EDGE('',*,*,#761,.T.);
#372=ORIENTED_EDGE('',*,*,#762,.T.);
#373=ORIENTED_EDGE('',*,*,#763,.T.);
#374=ORIENTED_EDGE('',*,*,#764,.T.);
#375=ORIENTED_EDGE('',*,*,#765,.T.);
#376=ORIENTED_EDGE('',*,*,#766,.F.);
#377=ORIENTED_EDGE('',*,*,#767,.T.);
#378=ORIENTED_EDGE('',*,*,#768,.T.);
#379=ORIENTED_EDGE('',*,*,#769,.T.);
#380=ORIENTED_EDGE('',*,*,#770,.F.);
#381=ORIENTED_EDGE('',*,*,#771,.T.);
#382=ORIENTED_EDGE('',*,*,#764,.F.);
#383=ORIENTED_EDGE('',*,*,#772,.T.);
#384=ORIENTED_EDGE('',*,*,#750,.T.);
#385=ORIENTED_EDGE('',*,*,#773,.T.);
#386=ORIENTED_EDGE('',*,*,#768,.F.);
#387=ORIENTED_EDGE('',*,*,#774,.T.);
#388=ORIENTED_EDGE('',*,*,#754,.T.);
#389=ORIENTED_EDGE('',*,*,#775,.T.);
#390=ORIENTED_EDGE('',*,*,#776,.T.);
#391=ORIENTED_EDGE('',*,*,#777,.T.);
#392=ORIENTED_EDGE('',*,*,#778,.F.);
#393=ORIENTED_EDGE('',*,*,#779,.T.);
#394=ORIENTED_EDGE('',*,*,#780,.F.);
#395=ORIENTED_EDGE('',*,*,#781,.T.);
#396=ORIENTED_EDGE('',*,*,#782,.F.);
#397=ORIENTED_EDGE('',*,*,#783,.F.);
#398=ORIENTED_EDGE('',*,*,#784,.F.);
#399=ORIENTED_EDGE('',*,*,#785,.T.);
#400=ORIENTED_EDGE('',*,*,#786,.T.);
#401=ORIENTED_EDGE('',*,*,#787,.F.);
#402=ORIENTED_EDGE('',*,*,#788,.T.);
#403=ORIENTED_EDGE('',*,*,#789,.F.);
#404=ORIENTED_EDGE('',*,*,#790,.T.);
#405=ORIENTED_EDGE('',*,*,#791,.F.);
#406=ORIENTED_EDGE('',*,*,#792,.F.);
#407=ORIENTED_EDGE('',*,*,#793,.F.);
#408=ORIENTED_EDGE('',*,*,#794,.T.);
#409=ORIENTED_EDGE('',*,*,#795,.T.);
#410=ORIENTED_EDGE('',*,*,#796,.F.);
#411=ORIENTED_EDGE('',*,*,#797,.T.);
#412=ORIENTED_EDGE('',*,*,#798,.F.);
#413=ORIENTED_EDGE('',*,*,#799,.T.);
#414=ORIENTED_EDGE('',*,*,#800,.F.);
#415=ORIENTED_EDGE('',*,*,#801,.F.);
#416=ORIENTED_EDGE('',*,*,#802,.F.);
#417=ORIENTED_EDGE('',*,*,#803,.T.);
#418=ORIENTED_EDGE('',*,*,#804,.T.);
#419=ORIENTED_EDGE('',*,*,#805,.F.);
#420=ORIENTED_EDGE('',*,*,#806,.T.);
#421=ORIENTED_EDGE('',*,*,#807,.F.);
#422=ORIENTED_EDGE('',*,*,#808,.T.);
#423=ORIENTED_EDGE('',*,*,#809,.F.);
#424=ORIENTED_EDGE('',*,*,#810,.F.);
#425=ORIENTED_EDGE('',*,*,#811,.F.);
#426=ORIENTED_EDGE('',*,*,#812,.T.);
#427=ORIENTED_EDGE('',*,*,#813,.T.);
#428=ORIENTED_EDGE('',*,*,#814,.F.);
#429=ORIENTED_EDGE('',*,*,#815,.T.);
#430=ORIENTED_EDGE('',*,*,#816,.T.);
#431=ORIENTED_EDGE('',*,*,#817,.T.);
#432=ORIENTED_EDGE('',*,*,#818,.T.);
#433=ORIENTED_EDGE('',*,*,#819,.T.);
#434=ORIENTED_EDGE('',*,*,#820,.F.);
#435=ORIENTED_EDGE('',*,*,#821,.T.);
#436=ORIENTED_EDGE('',*,*,#795,.F.);
#437=ORIENTED_EDGE('',*,*,#822,.F.);
#438=ORIENTED_EDGE('',*,*,#781,.F.);
#439=ORIENTED_EDGE('',*,*,#823,.F.);
#440=ORIENTED_EDGE('',*,*,#824,.T.);
#441=ORIENTED_EDGE('',*,*,#825,.T.);
#442=ORIENTED_EDGE('',*,*,#826,.T.);
#443=ORIENTED_EDGE('',*,*,#827,.T.);
#444=ORIENTED_EDGE('',*,*,#828,.T.);
#445=ORIENTED_EDGE('',*,*,#829,.F.);
#446=ORIENTED_EDGE('',*,*,#830,.T.);
#447=ORIENTED_EDGE('',*,*,#804,.F.);
#448=ORIENTED_EDGE('',*,*,#831,.F.);
#449=ORIENTED_EDGE('',*,*,#790,.F.);
#450=ORIENTED_EDGE('',*,*,#832,.F.);
#451=ORIENTED_EDGE('',*,*,#833,.T.);
#452=ORIENTED_EDGE('',*,*,#834,.T.);
#453=ORIENTED_EDGE('',*,*,#835,.T.);
#454=ORIENTED_EDGE('',*,*,#836,.T.);
#455=ORIENTED_EDGE('',*,*,#837,.T.);
#456=ORIENTED_EDGE('',*,*,#838,.F.);
#457=ORIENTED_EDGE('',*,*,#839,.T.);
#458=ORIENTED_EDGE('',*,*,#813,.F.);
#459=ORIENTED_EDGE('',*,*,#840,.F.);
#460=ORIENTED_EDGE('',*,*,#799,.F.);
#461=ORIENTED_EDGE('',*,*,#841,.F.);
#462=ORIENTED_EDGE('',*,*,#766,.T.);
#463=ORIENTED_EDGE('',*,*,#842,.T.);
#464=ORIENTED_EDGE('',*,*,#759,.F.);
#465=ORIENTED_EDGE('',*,*,#843,.T.);
#466=ORIENTED_EDGE('',*,*,#770,.T.);
#467=ORIENTED_EDGE('',*,*,#844,.T.);
#468=ORIENTED_EDGE('',*,*,#762,.F.);
#469=ORIENTED_EDGE('',*,*,#845,.T.);
#470=ORIENTED_EDGE('',*,*,#846,.F.);
#471=ORIENTED_EDGE('',*,*,#841,.T.);
#472=ORIENTED_EDGE('',*,*,#847,.F.);
#473=ORIENTED_EDGE('',*,*,#846,.T.);
#474=ORIENTED_EDGE('',*,*,#848,.F.);
#475=ORIENTED_EDGE('',*,*,#847,.T.);
#476=ORIENTED_EDGE('',*,*,#848,.T.);
#477=ORIENTED_EDGE('',*,*,#849,.F.);
#478=ORIENTED_EDGE('',*,*,#850,.F.);
#479=ORIENTED_EDGE('',*,*,#849,.T.);
#480=ORIENTED_EDGE('',*,*,#851,.F.);
#481=ORIENTED_EDGE('',*,*,#850,.T.);
#482=ORIENTED_EDGE('',*,*,#851,.T.);
#483=ORIENTED_EDGE('',*,*,#852,.F.);
#484=ORIENTED_EDGE('',*,*,#853,.F.);
#485=ORIENTED_EDGE('',*,*,#852,.T.);
#486=ORIENTED_EDGE('',*,*,#854,.F.);
#487=ORIENTED_EDGE('',*,*,#853,.T.);
#488=ORIENTED_EDGE('',*,*,#855,.F.);
#489=ORIENTED_EDGE('',*,*,#854,.T.);
#490=ORIENTED_EDGE('',*,*,#856,.F.);
#491=ORIENTED_EDGE('',*,*,#855,.T.);
#492=ORIENTED_EDGE('',*,*,#857,.F.);
#493=ORIENTED_EDGE('',*,*,#856,.T.);
#494=ORIENTED_EDGE('',*,*,#858,.F.);
#495=ORIENTED_EDGE('',*,*,#857,.T.);
#496=ORIENTED_EDGE('',*,*,#859,.F.);
#497=ORIENTED_EDGE('',*,*,#858,.T.);
#498=ORIENTED_EDGE('',*,*,#860,.F.);
#499=ORIENTED_EDGE('',*,*,#859,.T.);
#500=ORIENTED_EDGE('',*,*,#861,.F.);
#501=ORIENTED_EDGE('',*,*,#862,.F.);
#502=ORIENTED_EDGE('',*,*,#863,.F.);
#503=ORIENTED_EDGE('',*,*,#864,.F.);
#504=ORIENTED_EDGE('',*,*,#860,.T.);
#505=ORIENTED_EDGE('',*,*,#861,.T.);
#506=ORIENTED_EDGE('',*,*,#792,.T.);
#507=ORIENTED_EDGE('',*,*,#865,.T.);
#508=ORIENTED_EDGE('',*,*,#802,.T.);
#509=ORIENTED_EDGE('',*,*,#862,.T.);
#510=ORIENTED_EDGE('',*,*,#801,.T.);
#511=ORIENTED_EDGE('',*,*,#866,.T.);
#512=ORIENTED_EDGE('',*,*,#811,.T.);
#513=ORIENTED_EDGE('',*,*,#863,.T.);
#514=ORIENTED_EDGE('',*,*,#810,.T.);
#515=ORIENTED_EDGE('',*,*,#867,.T.);
#516=ORIENTED_EDGE('',*,*,#784,.T.);
#517=ORIENTED_EDGE('',*,*,#782,.T.);
#518=ORIENTED_EDGE('',*,*,#822,.T.);
#519=ORIENTED_EDGE('',*,*,#794,.F.);
#520=ORIENTED_EDGE('',*,*,#868,.F.);
#521=ORIENTED_EDGE('',*,*,#791,.T.);
#522=ORIENTED_EDGE('',*,*,#831,.T.);
#523=ORIENTED_EDGE('',*,*,#803,.F.);
#524=ORIENTED_EDGE('',*,*,#865,.F.);
#525=ORIENTED_EDGE('',*,*,#800,.T.);
#526=ORIENTED_EDGE('',*,*,#840,.T.);
#527=ORIENTED_EDGE('',*,*,#812,.F.);
#528=ORIENTED_EDGE('',*,*,#866,.F.);
#529=ORIENTED_EDGE('',*,*,#809,.T.);
#530=ORIENTED_EDGE('',*,*,#869,.T.);
#531=ORIENTED_EDGE('',*,*,#785,.F.);
#532=ORIENTED_EDGE('',*,*,#867,.F.);
#533=ORIENTED_EDGE('',*,*,#864,.T.);
#534=ORIENTED_EDGE('',*,*,#783,.T.);
#535=ORIENTED_EDGE('',*,*,#868,.T.);
#536=ORIENTED_EDGE('',*,*,#793,.T.);
#537=ORIENTED_EDGE('',*,*,#828,.F.);
#538=ORIENTED_EDGE('',*,*,#870,.F.);
#539=ORIENTED_EDGE('',*,*,#871,.T.);
#540=ORIENTED_EDGE('',*,*,#872,.T.);
#541=ORIENTED_EDGE('',*,*,#873,.F.);
#542=ORIENTED_EDGE('',*,*,#827,.F.);
#543=ORIENTED_EDGE('',*,*,#874,.F.);
#544=ORIENTED_EDGE('',*,*,#875,.T.);
#545=ORIENTED_EDGE('',*,*,#870,.T.);
#546=ORIENTED_EDGE('',*,*,#826,.F.);
#547=ORIENTED_EDGE('',*,*,#876,.F.);
#548=ORIENTED_EDGE('',*,*,#877,.T.);
#549=ORIENTED_EDGE('',*,*,#874,.T.);
#550=ORIENTED_EDGE('',*,*,#836,.F.);
#551=ORIENTED_EDGE('',*,*,#878,.F.);
#552=ORIENTED_EDGE('',*,*,#879,.T.);
#553=ORIENTED_EDGE('',*,*,#880,.T.);
#554=ORIENTED_EDGE('',*,*,#835,.F.);
#555=ORIENTED_EDGE('',*,*,#881,.F.);
#556=ORIENTED_EDGE('',*,*,#882,.T.);
#557=ORIENTED_EDGE('',*,*,#878,.T.);
#558=ORIENTED_EDGE('',*,*,#883,.F.);
#559=ORIENTED_EDGE('',*,*,#884,.F.);
#560=ORIENTED_EDGE('',*,*,#885,.T.);
#561=ORIENTED_EDGE('',*,*,#881,.T.);
#562=ORIENTED_EDGE('',*,*,#834,.F.);
#563=ORIENTED_EDGE('',*,*,#886,.F.);
#564=ORIENTED_EDGE('',*,*,#887,.F.);
#565=ORIENTED_EDGE('',*,*,#888,.T.);
#566=ORIENTED_EDGE('',*,*,#889,.T.);
#567=ORIENTED_EDGE('',*,*,#816,.F.);
#568=ORIENTED_EDGE('',*,*,#819,.F.);
#569=ORIENTED_EDGE('',*,*,#890,.F.);
#570=ORIENTED_EDGE('',*,*,#891,.T.);
#571=ORIENTED_EDGE('',*,*,#887,.T.);
#572=ORIENTED_EDGE('',*,*,#892,.F.);
#573=ORIENTED_EDGE('',*,*,#818,.F.);
#574=ORIENTED_EDGE('',*,*,#893,.F.);
#575=ORIENTED_EDGE('',*,*,#894,.T.);
#576=ORIENTED_EDGE('',*,*,#890,.T.);
#577=ORIENTED_EDGE('',*,*,#895,.F.);
#578=ORIENTED_EDGE('',*,*,#896,.F.);
#579=ORIENTED_EDGE('',*,*,#897,.T.);
#580=ORIENTED_EDGE('',*,*,#898,.T.);
#581=ORIENTED_EDGE('',*,*,#899,.F.);
#582=ORIENTED_EDGE('',*,*,#900,.F.);
#583=ORIENTED_EDGE('',*,*,#901,.T.);
#584=ORIENTED_EDGE('',*,*,#896,.T.);
#585=ORIENTED_EDGE('',*,*,#902,.F.);
#586=ORIENTED_EDGE('',*,*,#903,.F.);
#587=ORIENTED_EDGE('',*,*,#904,.F.);
#588=ORIENTED_EDGE('',*,*,#905,.T.);
#589=ORIENTED_EDGE('',*,*,#900,.T.);
#590=ORIENTED_EDGE('',*,*,#906,.F.);
#591=ORIENTED_EDGE('',*,*,#907,.F.);
#592=ORIENTED_EDGE('',*,*,#872,.F.);
#593=ORIENTED_EDGE('',*,*,#908,.T.);
#594=ORIENTED_EDGE('',*,*,#876,.T.);
#595=ORIENTED_EDGE('',*,*,#825,.F.);
#596=ORIENTED_EDGE('',*,*,#837,.F.);
#597=ORIENTED_EDGE('',*,*,#880,.F.);
#598=ORIENTED_EDGE('',*,*,#909,.T.);
#599=ORIENTED_EDGE('',*,*,#884,.T.);
#600=ORIENTED_EDGE('',*,*,#910,.F.);
#601=ORIENTED_EDGE('',*,*,#817,.F.);
#602=ORIENTED_EDGE('',*,*,#889,.F.);
#603=ORIENTED_EDGE('',*,*,#911,.T.);
#604=ORIENTED_EDGE('',*,*,#893,.T.);
#605=ORIENTED_EDGE('',*,*,#912,.F.);
#606=ORIENTED_EDGE('',*,*,#898,.F.);
#607=ORIENTED_EDGE('',*,*,#913,.T.);
#608=ORIENTED_EDGE('',*,*,#904,.T.);
#609=ORIENTED_EDGE('',*,*,#914,.T.);
#610=ORIENTED_EDGE('',*,*,#786,.F.);
#611=ORIENTED_EDGE('',*,*,#869,.F.);
#612=ORIENTED_EDGE('',*,*,#808,.F.);
#613=ORIENTED_EDGE('',*,*,#915,.F.);
#614=ORIENTED_EDGE('',*,*,#916,.T.);
#615=ORIENTED_EDGE('',*,*,#902,.T.);
#616=ORIENTED_EDGE('',*,*,#895,.T.);
#617=ORIENTED_EDGE('',*,*,#912,.T.);
#618=ORIENTED_EDGE('',*,*,#903,.T.);
#619=ORIENTED_EDGE('',*,*,#917,.F.);
#620=ORIENTED_EDGE('',*,*,#888,.F.);
#621=ORIENTED_EDGE('',*,*,#891,.F.);
#622=ORIENTED_EDGE('',*,*,#894,.F.);
#623=ORIENTED_EDGE('',*,*,#911,.F.);
#624=ORIENTED_EDGE('',*,*,#879,.F.);
#625=ORIENTED_EDGE('',*,*,#882,.F.);
#626=ORIENTED_EDGE('',*,*,#885,.F.);
#627=ORIENTED_EDGE('',*,*,#909,.F.);
#628=ORIENTED_EDGE('',*,*,#871,.F.);
#629=ORIENTED_EDGE('',*,*,#875,.F.);
#630=ORIENTED_EDGE('',*,*,#877,.F.);
#631=ORIENTED_EDGE('',*,*,#908,.F.);
#632=ORIENTED_EDGE('',*,*,#897,.F.);
#633=ORIENTED_EDGE('',*,*,#901,.F.);
#634=ORIENTED_EDGE('',*,*,#905,.F.);
#635=ORIENTED_EDGE('',*,*,#913,.F.);
#636=ORIENTED_EDGE('',*,*,#776,.F.);
#637=ORIENTED_EDGE('',*,*,#918,.F.);
#638=ORIENTED_EDGE('',*,*,#919,.F.);
#639=ORIENTED_EDGE('',*,*,#920,.F.);
#640=ORIENTED_EDGE('',*,*,#806,.F.);
#641=ORIENTED_EDGE('',*,*,#921,.F.);
#642=ORIENTED_EDGE('',*,*,#922,.F.);
#643=ORIENTED_EDGE('',*,*,#923,.F.);
#644=ORIENTED_EDGE('',*,*,#797,.F.);
#645=ORIENTED_EDGE('',*,*,#924,.F.);
#646=ORIENTED_EDGE('',*,*,#925,.F.);
#647=ORIENTED_EDGE('',*,*,#926,.F.);
#648=ORIENTED_EDGE('',*,*,#788,.F.);
#649=ORIENTED_EDGE('',*,*,#927,.F.);
#650=ORIENTED_EDGE('',*,*,#928,.F.);
#651=ORIENTED_EDGE('',*,*,#929,.F.);
#652=ORIENTED_EDGE('',*,*,#779,.F.);
#653=ORIENTED_EDGE('',*,*,#930,.T.);
#654=ORIENTED_EDGE('',*,*,#892,.T.);
#655=ORIENTED_EDGE('',*,*,#886,.T.);
#656=ORIENTED_EDGE('',*,*,#931,.T.);
#657=ORIENTED_EDGE('',*,*,#906,.T.);
#658=ORIENTED_EDGE('',*,*,#899,.T.);
#659=ORIENTED_EDGE('',*,*,#907,.T.);
#660=ORIENTED_EDGE('',*,*,#932,.T.);
#661=ORIENTED_EDGE('',*,*,#873,.T.);
#662=ORIENTED_EDGE('',*,*,#778,.T.);
#663=ORIENTED_EDGE('',*,*,#914,.F.);
#664=ORIENTED_EDGE('',*,*,#933,.F.);
#665=ORIENTED_EDGE('',*,*,#918,.T.);
#666=ORIENTED_EDGE('',*,*,#780,.T.);
#667=ORIENTED_EDGE('',*,*,#929,.T.);
#668=ORIENTED_EDGE('',*,*,#934,.T.);
#669=ORIENTED_EDGE('',*,*,#814,.T.);
#670=ORIENTED_EDGE('',*,*,#787,.T.);
#671=ORIENTED_EDGE('',*,*,#821,.F.);
#672=ORIENTED_EDGE('',*,*,#935,.F.);
#673=ORIENTED_EDGE('',*,*,#927,.T.);
#674=ORIENTED_EDGE('',*,*,#789,.T.);
#675=ORIENTED_EDGE('',*,*,#926,.T.);
#676=ORIENTED_EDGE('',*,*,#936,.T.);
#677=ORIENTED_EDGE('',*,*,#823,.T.);
#678=ORIENTED_EDGE('',*,*,#796,.T.);
#679=ORIENTED_EDGE('',*,*,#830,.F.);
#680=ORIENTED_EDGE('',*,*,#937,.F.);
#681=ORIENTED_EDGE('',*,*,#924,.T.);
#682=ORIENTED_EDGE('',*,*,#798,.T.);
#683=ORIENTED_EDGE('',*,*,#923,.T.);
#684=ORIENTED_EDGE('',*,*,#938,.T.);
#685=ORIENTED_EDGE('',*,*,#832,.T.);
#686=ORIENTED_EDGE('',*,*,#805,.T.);
#687=ORIENTED_EDGE('',*,*,#839,.F.);
#688=ORIENTED_EDGE('',*,*,#939,.F.);
#689=ORIENTED_EDGE('',*,*,#921,.T.);
#690=ORIENTED_EDGE('',*,*,#807,.T.);
#691=ORIENTED_EDGE('',*,*,#920,.T.);
#692=ORIENTED_EDGE('',*,*,#940,.T.);
#693=ORIENTED_EDGE('',*,*,#915,.T.);
#694=ORIENTED_EDGE('',*,*,#815,.F.);
#695=ORIENTED_EDGE('',*,*,#934,.F.);
#696=ORIENTED_EDGE('',*,*,#928,.T.);
#697=ORIENTED_EDGE('',*,*,#935,.T.);
#698=ORIENTED_EDGE('',*,*,#820,.T.);
#699=ORIENTED_EDGE('',*,*,#930,.F.);
#700=ORIENTED_EDGE('',*,*,#824,.F.);
#701=ORIENTED_EDGE('',*,*,#936,.F.);
#702=ORIENTED_EDGE('',*,*,#925,.T.);
#703=ORIENTED_EDGE('',*,*,#937,.T.);
#704=ORIENTED_EDGE('',*,*,#829,.T.);
#705=ORIENTED_EDGE('',*,*,#932,.F.);
#706=ORIENTED_EDGE('',*,*,#833,.F.);
#707=ORIENTED_EDGE('',*,*,#938,.F.);
#708=ORIENTED_EDGE('',*,*,#922,.T.);
#709=ORIENTED_EDGE('',*,*,#939,.T.);
#710=ORIENTED_EDGE('',*,*,#838,.T.);
#711=ORIENTED_EDGE('',*,*,#941,.F.);
#712=ORIENTED_EDGE('',*,*,#916,.F.);
#713=ORIENTED_EDGE('',*,*,#940,.F.);
#714=ORIENTED_EDGE('',*,*,#919,.T.);
#715=ORIENTED_EDGE('',*,*,#933,.T.);
#716=ORIENTED_EDGE('',*,*,#917,.T.);
#717=ORIENTED_EDGE('',*,*,#931,.F.);
#718=ORIENTED_EDGE('',*,*,#941,.T.);
#719=ORIENTED_EDGE('',*,*,#910,.T.);
#720=ORIENTED_EDGE('',*,*,#883,.T.);
#721=ORIENTED_EDGE('',*,*,#942,.T.);
#722=ORIENTED_EDGE('',*,*,#942,.F.);
#723=ORIENTED_EDGE('',*,*,#943,.T.);
#724=ORIENTED_EDGE('',*,*,#943,.F.);
#725=ORIENTED_EDGE('',*,*,#944,.T.);
#726=ORIENTED_EDGE('',*,*,#944,.F.);
#727=ORIENTED_EDGE('',*,*,#945,.T.);
#728=ORIENTED_EDGE('',*,*,#945,.F.);
#729=ORIENTED_EDGE('',*,*,#777,.F.);
#730=ORIENTED_EDGE('',*,*,#844,.F.);
#731=ORIENTED_EDGE('',*,*,#769,.F.);
#732=ORIENTED_EDGE('',*,*,#775,.F.);
#733=ORIENTED_EDGE('',*,*,#757,.F.);
#734=ORIENTED_EDGE('',*,*,#763,.F.);
#735=ORIENTED_EDGE('',*,*,#751,.F.);
#736=ORIENTED_EDGE('',*,*,#772,.F.);
#737=ORIENTED_EDGE('',*,*,#767,.F.);
#738=ORIENTED_EDGE('',*,*,#843,.F.);
#739=ORIENTED_EDGE('',*,*,#758,.F.);
#740=ORIENTED_EDGE('',*,*,#755,.F.);
#741=ORIENTED_EDGE('',*,*,#774,.F.);
#742=ORIENTED_EDGE('',*,*,#771,.F.);
#743=ORIENTED_EDGE('',*,*,#845,.F.);
#744=ORIENTED_EDGE('',*,*,#761,.F.);
#745=ORIENTED_EDGE('',*,*,#842,.F.);
#746=ORIENTED_EDGE('',*,*,#765,.F.);
#747=ORIENTED_EDGE('',*,*,#773,.F.);
#748=ORIENTED_EDGE('',*,*,#753,.F.);
#749=ORIENTED_EDGE('',*,*,#760,.F.);
#750=EDGE_CURVE('',#946,#947,#1080,.T.);
#751=EDGE_CURVE('',#946,#948,#346,.T.);
#752=EDGE_CURVE('',#948,#949,#1081,.T.);
#753=EDGE_CURVE('',#949,#947,#347,.T.);
#754=EDGE_CURVE('',#950,#951,#1082,.T.);
#755=EDGE_CURVE('',#950,#952,#348,.T.);
#756=EDGE_CURVE('',#952,#953,#1083,.T.);
#757=EDGE_CURVE('',#953,#951,#349,.T.);
#758=EDGE_CURVE('',#948,#954,#350,.T.);
#759=EDGE_CURVE('',#954,#955,#1084,.T.);
#760=EDGE_CURVE('',#955,#949,#351,.T.);
#761=EDGE_CURVE('',#952,#956,#352,.T.);
#762=EDGE_CURVE('',#956,#957,#1085,.T.);
#763=EDGE_CURVE('',#957,#953,#353,.T.);
#764=EDGE_CURVE('',#958,#959,#1086,.T.);
#765=EDGE_CURVE('',#959,#960,#354,.T.);
#766=EDGE_CURVE('',#961,#960,#1087,.T.);
#767=EDGE_CURVE('',#961,#958,#355,.T.);
#768=EDGE_CURVE('',#962,#963,#1088,.T.);
#769=EDGE_CURVE('',#963,#964,#356,.T.);
#770=EDGE_CURVE('',#965,#964,#1089,.T.);
#771=EDGE_CURVE('',#965,#962,#357,.T.);
#772=EDGE_CURVE('',#958,#946,#43,.F.);
#773=EDGE_CURVE('',#947,#959,#44,.F.);
#774=EDGE_CURVE('',#962,#950,#45,.F.);
#775=EDGE_CURVE('',#951,#963,#46,.F.);
#776=EDGE_CURVE('',#966,#966,#1090,.T.);
#777=EDGE_CURVE('',#967,#967,#1091,.F.);
#778=EDGE_CURVE('',#968,#969,#47,.T.);
#779=EDGE_CURVE('',#968,#970,#48,.T.);
#780=EDGE_CURVE('',#971,#970,#49,.T.);
#781=EDGE_CURVE('',#971,#972,#50,.T.);
#782=EDGE_CURVE('',#973,#972,#51,.T.);
#783=EDGE_CURVE('',#974,#973,#52,.T.);
#784=EDGE_CURVE('',#975,#974,#53,.T.);
#785=EDGE_CURVE('',#975,#976,#54,.T.);
#786=EDGE_CURVE('',#976,#969,#55,.T.);
#787=EDGE_CURVE('',#977,#978,#56,.T.);
#788=EDGE_CURVE('',#977,#979,#57,.T.);
#789=EDGE_CURVE('',#980,#979,#58,.T.);
#790=EDGE_CURVE('',#980,#981,#59,.T.);
#791=EDGE_CURVE('',#982,#981,#60,.T.);
#792=EDGE_CURVE('',#983,#982,#61,.T.);
#793=EDGE_CURVE('',#984,#983,#62,.T.);
#794=EDGE_CURVE('',#984,#985,#63,.T.);
#795=EDGE_CURVE('',#985,#978,#64,.T.);
#796=EDGE_CURVE('',#986,#987,#65,.T.);
#797=EDGE_CURVE('',#986,#988,#66,.T.);
#798=EDGE_CURVE('',#989,#988,#67,.T.);
#799=EDGE_CURVE('',#989,#990,#68,.T.);
#800=EDGE_CURVE('',#991,#990,#69,.T.);
#801=EDGE_CURVE('',#992,#991,#70,.T.);
#802=EDGE_CURVE('',#993,#992,#71,.T.);
#803=EDGE_CURVE('',#993,#994,#72,.T.);
#804=EDGE_CURVE('',#994,#987,#73,.T.);
#805=EDGE_CURVE('',#995,#996,#74,.T.);
#806=EDGE_CURVE('',#995,#997,#75,.T.);
#807=EDGE_CURVE('',#998,#997,#76,.T.);
#808=EDGE_CURVE('',#998,#999,#77,.T.);
#809=EDGE_CURVE('',#1000,#999,#78,.T.);
#810=EDGE_CURVE('',#1001,#1000,#79,.T.);
#811=EDGE_CURVE('',#1002,#1001,#80,.T.);
#812=EDGE_CURVE('',#1002,#1003,#81,.T.);
#813=EDGE_CURVE('',#1003,#996,#82,.T.);
#814=EDGE_CURVE('',#1004,#971,#83,.T.);
#815=EDGE_CURVE('',#1004,#1005,#1092,.T.);
#816=EDGE_CURVE('',#1005,#1006,#84,.T.);
#817=EDGE_CURVE('',#1006,#1007,#85,.T.);
#818=EDGE_CURVE('',#1007,#1008,#86,.T.);
#819=EDGE_CURVE('',#1008,#1009,#87,.T.);
#820=EDGE_CURVE('',#1010,#1009,#1093,.F.);
#821=EDGE_CURVE('',#1010,#978,#88,.T.);
#822=EDGE_CURVE('',#972,#985,#1094,.T.);
#823=EDGE_CURVE('',#1011,#980,#89,.T.);
#824=EDGE_CURVE('',#1011,#1012,#1095,.T.);
#825=EDGE_CURVE('',#1012,#1013,#90,.T.);
#826=EDGE_CURVE('',#1013,#1014,#91,.T.);
#827=EDGE_CURVE('',#1014,#1015,#92,.T.);
#828=EDGE_CURVE('',#1015,#1016,#93,.T.);
#829=EDGE_CURVE('',#1017,#1016,#1096,.F.);
#830=EDGE_CURVE('',#1017,#987,#94,.T.);
#831=EDGE_CURVE('',#981,#994,#1097,.T.);
#832=EDGE_CURVE('',#1018,#989,#95,.T.);
#833=EDGE_CURVE('',#1018,#1019,#1098,.T.);
#834=EDGE_CURVE('',#1019,#1020,#96,.T.);
#835=EDGE_CURVE('',#1020,#1021,#97,.T.);
#836=EDGE_CURVE('',#1021,#1022,#98,.T.);
#837=EDGE_CURVE('',#1022,#1023,#99,.T.);
#838=EDGE_CURVE('',#1024,#1023,#1099,.F.);
#839=EDGE_CURVE('',#1024,#996,#100,.T.);
#840=EDGE_CURVE('',#990,#1003,#1100,.T.);
#841=EDGE_CURVE('',#1025,#1025,#1101,.T.);
#842=EDGE_CURVE('',#960,#955,#101,.T.);
#843=EDGE_CURVE('',#954,#961,#102,.T.);
#844=EDGE_CURVE('',#964,#957,#103,.T.);
#845=EDGE_CURVE('',#956,#965,#104,.T.);
#846=EDGE_CURVE('',#1026,#1026,#1102,.T.);
#847=EDGE_CURVE('',#1027,#1027,#1103,.T.);
#848=EDGE_CURVE('',#1028,#1028,#1104,.T.);
#849=EDGE_CURVE('',#1029,#1029,#1105,.T.);
#850=EDGE_CURVE('',#1030,#1030,#1106,.T.);
#851=EDGE_CURVE('',#1031,#1031,#1107,.T.);
#852=EDGE_CURVE('',#1032,#1032,#1108,.T.);
#853=EDGE_CURVE('',#1033,#1033,#1109,.T.);
#854=EDGE_CURVE('',#1034,#1034,#1110,.T.);
#855=EDGE_CURVE('',#1035,#1035,#1111,.T.);
#856=EDGE_CURVE('',#1036,#1036,#1112,.T.);
#857=EDGE_CURVE('',#1037,#1037,#1113,.T.);
#858=EDGE_CURVE('',#1038,#1038,#1114,.T.);
#859=EDGE_CURVE('',#1039,#1039,#1115,.T.);
#860=EDGE_CURVE('',#1040,#1040,#1116,.T.);
#861=EDGE_CURVE('',#992,#983,#1117,.T.);
#862=EDGE_CURVE('',#1001,#992,#1118,.T.);
#863=EDGE_CURVE('',#974,#1001,#1119,.T.);
#864=EDGE_CURVE('',#983,#974,#1120,.T.);
#865=EDGE_CURVE('',#982,#993,#1121,.T.);
#866=EDGE_CURVE('',#991,#1002,#1122,.T.);
#867=EDGE_CURVE('',#1000,#975,#1123,.T.);
#868=EDGE_CURVE('',#973,#984,#1124,.T.);
#869=EDGE_CURVE('',#999,#976,#1125,.T.);
#870=EDGE_CURVE('',#1041,#1015,#105,.T.);
#871=EDGE_CURVE('',#1041,#1042,#106,.T.);
#872=EDGE_CURVE('',#1042,#1043,#107,.T.);
#873=EDGE_CURVE('',#1016,#1043,#108,.T.);
#874=EDGE_CURVE('',#1044,#1014,#109,.T.);
#875=EDGE_CURVE('',#1044,#1041,#110,.T.);
#876=EDGE_CURVE('',#1045,#1013,#111,.T.);
#877=EDGE_CURVE('',#1045,#1044,#112,.T.);
#878=EDGE_CURVE('',#1046,#1021,#113,.T.);
#879=EDGE_CURVE('',#1046,#1047,#114,.T.);
#880=EDGE_CURVE('',#1047,#1022,#115,.T.);
#881=EDGE_CURVE('',#1048,#1020,#116,.T.);
#882=EDGE_CURVE('',#1048,#1046,#117,.T.);
#883=EDGE_CURVE('',#1049,#1019,#118,.T.);
#884=EDGE_CURVE('',#1050,#1049,#119,.T.);
#885=EDGE_CURVE('',#1050,#1048,#120,.T.);
#886=EDGE_CURVE('',#1051,#1005,#121,.T.);
#887=EDGE_CURVE('',#1052,#1051,#122,.T.);
#888=EDGE_CURVE('',#1052,#1053,#123,.T.);
#889=EDGE_CURVE('',#1053,#1006,#124,.T.);
#890=EDGE_CURVE('',#1054,#1008,#125,.T.);
#891=EDGE_CURVE('',#1054,#1052,#126,.T.);
#892=EDGE_CURVE('',#1009,#1051,#127,.T.);
#893=EDGE_CURVE('',#1055,#1007,#128,.T.);
#894=EDGE_CURVE('',#1055,#1054,#129,.T.);
#895=EDGE_CURVE('',#1056,#1057,#130,.T.);
#896=EDGE_CURVE('',#1058,#1056,#131,.T.);
#897=EDGE_CURVE('',#1058,#1059,#132,.T.);
#898=EDGE_CURVE('',#1059,#1057,#133,.T.);
#899=EDGE_CURVE('',#1060,#1061,#134,.T.);
#900=EDGE_CURVE('',#1062,#1060,#135,.T.);
#901=EDGE_CURVE('',#1062,#1058,#136,.T.);
#902=EDGE_CURVE('',#1061,#1056,#137,.T.);
#903=EDGE_CURVE('',#1063,#1064,#138,.T.);
#904=EDGE_CURVE('',#1065,#1063,#139,.T.);
#905=EDGE_CURVE('',#1065,#1062,#140,.T.);
#906=EDGE_CURVE('',#1064,#1060,#141,.T.);
#907=EDGE_CURVE('',#1043,#1012,#142,.T.);
#908=EDGE_CURVE('',#1042,#1045,#143,.T.);
#909=EDGE_CURVE('',#1047,#1050,#144,.T.);
#910=EDGE_CURVE('',#1023,#1049,#145,.T.);
#911=EDGE_CURVE('',#1053,#1055,#146,.T.);
#912=EDGE_CURVE('',#1057,#1063,#147,.T.);
#913=EDGE_CURVE('',#1059,#1065,#148,.T.);
#914=EDGE_CURVE('',#1066,#969,#149,.T.);
#915=EDGE_CURVE('',#1067,#998,#150,.T.);
#916=EDGE_CURVE('',#1067,#1061,#1126,.T.);
#917=EDGE_CURVE('',#1066,#1064,#1127,.F.);
#918=EDGE_CURVE('',#1068,#968,#151,.T.);
#919=EDGE_CURVE('',#1069,#1068,#1128,.T.);
#920=EDGE_CURVE('',#997,#1069,#152,.T.);
#921=EDGE_CURVE('',#1070,#995,#153,.T.);
#922=EDGE_CURVE('',#1071,#1070,#1129,.T.);
#923=EDGE_CURVE('',#988,#1071,#154,.T.);
#924=EDGE_CURVE('',#1072,#986,#155,.T.);
#925=EDGE_CURVE('',#1073,#1072,#1130,.T.);
#926=EDGE_CURVE('',#979,#1073,#156,.T.);
#927=EDGE_CURVE('',#1074,#977,#157,.T.);
#928=EDGE_CURVE('',#1075,#1074,#1131,.T.);
#929=EDGE_CURVE('',#970,#1075,#158,.T.);
#930=EDGE_CURVE('',#1005,#1009,#1132,.T.);
#931=EDGE_CURVE('',#1061,#1064,#1133,.T.);
#932=EDGE_CURVE('',#1012,#1016,#1134,.T.);
#933=EDGE_CURVE('',#1068,#1066,#159,.T.);
#934=EDGE_CURVE('',#1075,#1004,#160,.T.);
#935=EDGE_CURVE('',#1074,#1010,#161,.T.);
#936=EDGE_CURVE('',#1073,#1011,#162,.T.);
#937=EDGE_CURVE('',#1072,#1017,#163,.T.);
#938=EDGE_CURVE('',#1071,#1018,#164,.T.);
#939=EDGE_CURVE('',#1070,#1024,#165,.T.);
#940=EDGE_CURVE('',#1069,#1067,#166,.T.);
#941=EDGE_CURVE('',#1019,#1023,#1135,.T.);
#942=EDGE_CURVE('',#1076,#1076,#1136,.T.);
#943=EDGE_CURVE('',#1077,#1077,#1137,.T.);
#944=EDGE_CURVE('',#1078,#1078,#1138,.T.);
#945=EDGE_CURVE('',#1079,#1079,#1139,.T.);
#946=VERTEX_POINT('',#2048);
#947=VERTEX_POINT('',#2049);
#948=VERTEX_POINT('',#2054);
#949=VERTEX_POINT('',#2056);
#950=VERTEX_POINT('',#2063);
#951=VERTEX_POINT('',#2064);
#952=VERTEX_POINT('',#2069);
#953=VERTEX_POINT('',#2071);
#954=VERTEX_POINT('',#2081);
#955=VERTEX_POINT('',#2083);
#956=VERTEX_POINT('',#2093);
#957=VERTEX_POINT('',#2095);
#958=VERTEX_POINT('',#2102);
#959=VERTEX_POINT('',#2103);
#960=VERTEX_POINT('',#2108);
#961=VERTEX_POINT('',#2110);
#962=VERTEX_POINT('',#2117);
#963=VERTEX_POINT('',#2118);
#964=VERTEX_POINT('',#2123);
#965=VERTEX_POINT('',#2125);
#966=VERTEX_POINT('',#2138);
#967=VERTEX_POINT('',#2140);
#968=VERTEX_POINT('',#2143);
#969=VERTEX_POINT('',#2144);
#970=VERTEX_POINT('',#2146);
#971=VERTEX_POINT('',#2148);
#972=VERTEX_POINT('',#2150);
#973=VERTEX_POINT('',#2152);
#974=VERTEX_POINT('',#2154);
#975=VERTEX_POINT('',#2156);
#976=VERTEX_POINT('',#2158);
#977=VERTEX_POINT('',#2162);
#978=VERTEX_POINT('',#2163);
#979=VERTEX_POINT('',#2165);
#980=VERTEX_POINT('',#2167);
#981=VERTEX_POINT('',#2169);
#982=VERTEX_POINT('',#2171);
#983=VERTEX_POINT('',#2173);
#984=VERTEX_POINT('',#2175);
#985=VERTEX_POINT('',#2177);
#986=VERTEX_POINT('',#2181);
#987=VERTEX_POINT('',#2182);
#988=VERTEX_POINT('',#2184);
#989=VERTEX_POINT('',#2186);
#990=VERTEX_POINT('',#2188);
#991=VERTEX_POINT('',#2190);
#992=VERTEX_POINT('',#2192);
#993=VERTEX_POINT('',#2194);
#994=VERTEX_POINT('',#2196);
#995=VERTEX_POINT('',#2200);
#996=VERTEX_POINT('',#2201);
#997=VERTEX_POINT('',#2203);
#998=VERTEX_POINT('',#2205);
#999=VERTEX_POINT('',#2207);
#1000=VERTEX_POINT('',#2209);
#1001=VERTEX_POINT('',#2211);
#1002=VERTEX_POINT('',#2213);
#1003=VERTEX_POINT('',#2215);
#1004=VERTEX_POINT('',#2219);
#1005=VERTEX_POINT('',#2221);
#1006=VERTEX_POINT('',#2223);
#1007=VERTEX_POINT('',#2225);
#1008=VERTEX_POINT('',#2227);
#1009=VERTEX_POINT('',#2229);
#1010=VERTEX_POINT('',#2231);
#1011=VERTEX_POINT('',#2236);
#1012=VERTEX_POINT('',#2238);
#1013=VERTEX_POINT('',#2240);
#1014=VERTEX_POINT('',#2242);
#1015=VERTEX_POINT('',#2244);
#1016=VERTEX_POINT('',#2246);
#1017=VERTEX_POINT('',#2248);
#1018=VERTEX_POINT('',#2253);
#1019=VERTEX_POINT('',#2255);
#1020=VERTEX_POINT('',#2257);
#1021=VERTEX_POINT('',#2259);
#1022=VERTEX_POINT('',#2261);
#1023=VERTEX_POINT('',#2263);
#1024=VERTEX_POINT('',#2265);
#1025=VERTEX_POINT('',#2270);
#1026=VERTEX_POINT('',#2277);
#1027=VERTEX_POINT('',#2280);
#1028=VERTEX_POINT('',#2283);
#1029=VERTEX_POINT('',#2286);
#1030=VERTEX_POINT('',#2289);
#1031=VERTEX_POINT('',#2292);
#1032=VERTEX_POINT('',#2295);
#1033=VERTEX_POINT('',#2298);
#1034=VERTEX_POINT('',#2301);
#1035=VERTEX_POINT('',#2304);
#1036=VERTEX_POINT('',#2307);
#1037=VERTEX_POINT('',#2310);
#1038=VERTEX_POINT('',#2313);
#1039=VERTEX_POINT('',#2316);
#1040=VERTEX_POINT('',#2319);
#1041=VERTEX_POINT('',#2340);
#1042=VERTEX_POINT('',#2342);
#1043=VERTEX_POINT('',#2344);
#1044=VERTEX_POINT('',#2348);
#1045=VERTEX_POINT('',#2352);
#1046=VERTEX_POINT('',#2356);
#1047=VERTEX_POINT('',#2358);
#1048=VERTEX_POINT('',#2362);
#1049=VERTEX_POINT('',#2366);
#1050=VERTEX_POINT('',#2368);
#1051=VERTEX_POINT('',#2372);
#1052=VERTEX_POINT('',#2374);
#1053=VERTEX_POINT('',#2376);
#1054=VERTEX_POINT('',#2380);
#1055=VERTEX_POINT('',#2385);
#1056=VERTEX_POINT('',#2389);
#1057=VERTEX_POINT('',#2390);
#1058=VERTEX_POINT('',#2392);
#1059=VERTEX_POINT('',#2394);
#1060=VERTEX_POINT('',#2398);
#1061=VERTEX_POINT('',#2399);
#1062=VERTEX_POINT('',#2401);
#1063=VERTEX_POINT('',#2406);
#1064=VERTEX_POINT('',#2407);
#1065=VERTEX_POINT('',#2409);
#1066=VERTEX_POINT('',#2425);
#1067=VERTEX_POINT('',#2427);
#1068=VERTEX_POINT('',#2436);
#1069=VERTEX_POINT('',#2438);
#1070=VERTEX_POINT('',#2441);
#1071=VERTEX_POINT('',#2443);
#1072=VERTEX_POINT('',#2446);
#1073=VERTEX_POINT('',#2448);
#1074=VERTEX_POINT('',#2451);
#1075=VERTEX_POINT('',#2453);
#1076=VERTEX_POINT('',#2485);
#1077=VERTEX_POINT('',#2488);
#1078=VERTEX_POINT('',#2491);
#1079=VERTEX_POINT('',#2494);
#1080=CIRCLE('',#1476,0.21);
#1081=CIRCLE('',#1477,0.14);
#1082=CIRCLE('',#1479,0.21);
#1083=CIRCLE('',#1480,0.14);
#1084=CIRCLE('',#1482,0.26);
#1085=CIRCLE('',#1484,0.26);
#1086=CIRCLE('',#1486,0.23);
#1087=CIRCLE('',#1487,0.35);
#1088=CIRCLE('',#1489,0.23);
#1089=CIRCLE('',#1490,0.35);
#1090=CIRCLE('',#1494,1.225);
#1091=CIRCLE('',#1495,1.15);
#1092=CIRCLE('',#1501,1.50000000000001);
#1093=CIRCLE('',#1502,1.50000000000001);
#1094=CIRCLE('',#1503,2.24999999999993);
#1095=CIRCLE('',#1505,1.50000000000001);
#1096=CIRCLE('',#1506,1.50000000000001);
#1097=CIRCLE('',#1507,2.24999999999998);
#1098=CIRCLE('',#1509,1.5);
#1099=CIRCLE('',#1510,1.5);
#1100=CIRCLE('',#1511,2.24999999999993);
#1101=CIRCLE('',#1513,1.205);
#1102=CIRCLE('',#1515,1.205);
#1103=CIRCLE('',#1517,1.15);
#1104=CIRCLE('',#1519,1.15);
#1105=CIRCLE('',#1521,1.24038403974048);
#1106=CIRCLE('',#1523,1.5);
#1107=CIRCLE('',#1525,1.65);
#1108=CIRCLE('',#1527,1.75);
#1109=CIRCLE('',#1529,1.75);
#1110=CIRCLE('',#1531,1.625);
#1111=CIRCLE('',#1533,1.625);
#1112=CIRCLE('',#1535,1.75);
#1113=CIRCLE('',#1537,1.75);
#1114=CIRCLE('',#1539,1.625);
#1115=CIRCLE('',#1541,1.625);
#1116=CIRCLE('',#1543,1.75);
#1117=CIRCLE('',#1545,1.75);
#1118=CIRCLE('',#1546,1.75);
#1119=CIRCLE('',#1547,1.75);
#1120=CIRCLE('',#1548,1.75);
#1121=CIRCLE('',#1550,2.24999999999998);
#1122=CIRCLE('',#1552,2.24999999999993);
#1123=CIRCLE('',#1554,2.24999999999996);
#1124=CIRCLE('',#1556,2.24999999999993);
#1125=CIRCLE('',#1560,2.24999999999996);
#1126=CIRCLE('',#1579,1.50000000000001);
#1127=CIRCLE('',#1580,1.50000000000001);
#1128=CIRCLE('',#1586,1.50000000000001);
#1129=CIRCLE('',#1587,1.5);
#1130=CIRCLE('',#1588,1.50000000000001);
#1131=CIRCLE('',#1589,1.50000000000001);
#1132=CIRCLE('',#1591,1.50000000000001);
#1133=CIRCLE('',#1593,1.50000000000001);
#1134=CIRCLE('',#1595,1.50000000000001);
#1135=CIRCLE('',#1607,1.5);
#1136=CIRCLE('',#1611,0.25);
#1137=CIRCLE('',#1613,0.35);
#1138=CIRCLE('',#1615,0.35);
#1139=CIRCLE('',#1617,1.15);
#1140=EDGE_LOOP('',(#358,#359,#360,#361));
#1141=EDGE_LOOP('',(#362,#363,#364,#365));
#1142=EDGE_LOOP('',(#366,#367,#368,#369));
#1143=EDGE_LOOP('',(#370,#371,#372,#373));
#1144=EDGE_LOOP('',(#374,#375,#376,#377));
#1145=EDGE_LOOP('',(#378,#379,#380,#381));
#1146=EDGE_LOOP('',(#382,#383,#384,#385));
#1147=EDGE_LOOP('',(#386,#387,#388,#389));
#1148=EDGE_LOOP('',(#390));
#1149=EDGE_LOOP('',(#391));
#1150=EDGE_LOOP('',(#392,#393,#394,#395,#396,#397,#398,#399,#400));
#1151=EDGE_LOOP('',(#401,#402,#403,#404,#405,#406,#407,#408,#409));
#1152=EDGE_LOOP('',(#410,#411,#412,#413,#414,#415,#416,#417,#418));
#1153=EDGE_LOOP('',(#419,#420,#421,#422,#423,#424,#425,#426,#427));
#1154=EDGE_LOOP('',(#428,#429,#430,#431,#432,#433,#434,#435,#436,#437,#438));
#1155=EDGE_LOOP('',(#439,#440,#441,#442,#443,#444,#445,#446,#447,#448,#449));
#1156=EDGE_LOOP('',(#450,#451,#452,#453,#454,#455,#456,#457,#458,#459,#460));
#1157=EDGE_LOOP('',(#461));
#1158=EDGE_LOOP('',(#462,#463,#464,#465));
#1159=EDGE_LOOP('',(#466,#467,#468,#469));
#1160=EDGE_LOOP('',(#470));
#1161=EDGE_LOOP('',(#471));
#1162=EDGE_LOOP('',(#472));
#1163=EDGE_LOOP('',(#473));
#1164=EDGE_LOOP('',(#474));
#1165=EDGE_LOOP('',(#475));
#1166=EDGE_LOOP('',(#476));
#1167=EDGE_LOOP('',(#477));
#1168=EDGE_LOOP('',(#478));
#1169=EDGE_LOOP('',(#479));
#1170=EDGE_LOOP('',(#480));
#1171=EDGE_LOOP('',(#481));
#1172=EDGE_LOOP('',(#482));
#1173=EDGE_LOOP('',(#483));
#1174=EDGE_LOOP('',(#484));
#1175=EDGE_LOOP('',(#485));
#1176=EDGE_LOOP('',(#486));
#1177=EDGE_LOOP('',(#487));
#1178=EDGE_LOOP('',(#488));
#1179=EDGE_LOOP('',(#489));
#1180=EDGE_LOOP('',(#490));
#1181=EDGE_LOOP('',(#491));
#1182=EDGE_LOOP('',(#492));
#1183=EDGE_LOOP('',(#493));
#1184=EDGE_LOOP('',(#494));
#1185=EDGE_LOOP('',(#495));
#1186=EDGE_LOOP('',(#496));
#1187=EDGE_LOOP('',(#497));
#1188=EDGE_LOOP('',(#498));
#1189=EDGE_LOOP('',(#499));
#1190=EDGE_LOOP('',(#500,#501,#502,#503));
#1191=EDGE_LOOP('',(#504));
#1192=EDGE_LOOP('',(#505,#506,#507,#508));
#1193=EDGE_LOOP('',(#509,#510,#511,#512));
#1194=EDGE_LOOP('',(#513,#514,#515,#516));
#1195=EDGE_LOOP('',(#517,#518,#519,#520));
#1196=EDGE_LOOP('',(#521,#522,#523,#524));
#1197=EDGE_LOOP('',(#525,#526,#527,#528));
#1198=EDGE_LOOP('',(#529,#530,#531,#532));
#1199=EDGE_LOOP('',(#533,#534,#535,#536));
#1200=EDGE_LOOP('',(#537,#538,#539,#540,#541));
#1201=EDGE_LOOP('',(#542,#543,#544,#545));
#1202=EDGE_LOOP('',(#546,#547,#548,#549));
#1203=EDGE_LOOP('',(#550,#551,#552,#553));
#1204=EDGE_LOOP('',(#554,#555,#556,#557));
#1205=EDGE_LOOP('',(#558,#559,#560,#561,#562));
#1206=EDGE_LOOP('',(#563,#564,#565,#566,#567));
#1207=EDGE_LOOP('',(#568,#569,#570,#571,#572));
#1208=EDGE_LOOP('',(#573,#574,#575,#576));
#1209=EDGE_LOOP('',(#577,#578,#579,#580));
#1210=EDGE_LOOP('',(#581,#582,#583,#584,#585));
#1211=EDGE_LOOP('',(#586,#587,#588,#589,#590));
#1212=EDGE_LOOP('',(#591,#592,#593,#594,#595));
#1213=EDGE_LOOP('',(#596,#597,#598,#599,#600));
#1214=EDGE_LOOP('',(#601,#602,#603,#604));
#1215=EDGE_LOOP('',(#605,#606,#607,#608));
#1216=EDGE_LOOP('',(#609,#610,#611,#612,#613,#614,#615,#616,#617,#618,#619));
#1217=EDGE_LOOP('',(#620,#621,#622,#623));
#1218=EDGE_LOOP('',(#624,#625,#626,#627));
#1219=EDGE_LOOP('',(#628,#629,#630,#631));
#1220=EDGE_LOOP('',(#632,#633,#634,#635));
#1221=EDGE_LOOP('',(#636));
#1222=EDGE_LOOP('',(#637,#638,#639,#640,#641,#642,#643,#644,#645,#646,#647,
#648,#649,#650,#651,#652));
#1223=EDGE_LOOP('',(#653,#654,#655));
#1224=EDGE_LOOP('',(#656,#657,#658));
#1225=EDGE_LOOP('',(#659,#660,#661));
#1226=EDGE_LOOP('',(#662,#663,#664,#665));
#1227=EDGE_LOOP('',(#666,#667,#668,#669));
#1228=EDGE_LOOP('',(#670,#671,#672,#673));
#1229=EDGE_LOOP('',(#674,#675,#676,#677));
#1230=EDGE_LOOP('',(#678,#679,#680,#681));
#1231=EDGE_LOOP('',(#682,#683,#684,#685));
#1232=EDGE_LOOP('',(#686,#687,#688,#689));
#1233=EDGE_LOOP('',(#690,#691,#692,#693));
#1234=EDGE_LOOP('',(#694,#695,#696,#697,#698,#699));
#1235=EDGE_LOOP('',(#700,#701,#702,#703,#704,#705));
#1236=EDGE_LOOP('',(#706,#707,#708,#709,#710,#711));
#1237=EDGE_LOOP('',(#712,#713,#714,#715,#716,#717));
#1238=EDGE_LOOP('',(#718,#719,#720));
#1239=EDGE_LOOP('',(#721));
#1240=EDGE_LOOP('',(#722));
#1241=EDGE_LOOP('',(#723));
#1242=EDGE_LOOP('',(#724));
#1243=EDGE_LOOP('',(#725));
#1244=EDGE_LOOP('',(#726));
#1245=EDGE_LOOP('',(#727));
#1246=EDGE_LOOP('',(#728));
#1247=EDGE_LOOP('',(#729));
#1248=EDGE_LOOP('',(#730,#731,#732,#733,#734));
#1249=EDGE_LOOP('',(#735,#736,#737,#738,#739));
#1250=EDGE_LOOP('',(#740,#741,#742,#743,#744));
#1251=EDGE_LOOP('',(#745,#746,#747,#748,#749));
#1252=FACE_BOUND('',#1140,.T.);
#1253=FACE_BOUND('',#1141,.T.);
#1254=FACE_BOUND('',#1142,.T.);
#1255=FACE_BOUND('',#1143,.T.);
#1256=FACE_BOUND('',#1144,.T.);
#1257=FACE_BOUND('',#1145,.T.);
#1258=FACE_BOUND('',#1146,.T.);
#1259=FACE_BOUND('',#1147,.T.);
#1260=FACE_BOUND('',#1148,.T.);
#1261=FACE_BOUND('',#1149,.T.);
#1262=FACE_BOUND('',#1150,.T.);
#1263=FACE_BOUND('',#1151,.T.);
#1264=FACE_BOUND('',#1152,.T.);
#1265=FACE_BOUND('',#1153,.T.);
#1266=FACE_BOUND('',#1154,.T.);
#1267=FACE_BOUND('',#1155,.T.);
#1268=FACE_BOUND('',#1156,.T.);
#1269=FACE_BOUND('',#1157,.T.);
#1270=FACE_BOUND('',#1158,.T.);
#1271=FACE_BOUND('',#1159,.T.);
#1272=FACE_BOUND('',#1160,.T.);
#1273=FACE_BOUND('',#1161,.T.);
#1274=FACE_BOUND('',#1162,.T.);
#1275=FACE_BOUND('',#1163,.T.);
#1276=FACE_BOUND('',#1164,.T.);
#1277=FACE_BOUND('',#1165,.T.);
#1278=FACE_BOUND('',#1166,.T.);
#1279=FACE_BOUND('',#1167,.T.);
#1280=FACE_BOUND('',#1168,.T.);
#1281=FACE_BOUND('',#1169,.T.);
#1282=FACE_BOUND('',#1170,.T.);
#1283=FACE_BOUND('',#1171,.T.);
#1284=FACE_BOUND('',#1172,.T.);
#1285=FACE_BOUND('',#1173,.T.);
#1286=FACE_BOUND('',#1174,.T.);
#1287=FACE_BOUND('',#1175,.T.);
#1288=FACE_BOUND('',#1176,.T.);
#1289=FACE_BOUND('',#1177,.T.);
#1290=FACE_BOUND('',#1178,.T.);
#1291=FACE_BOUND('',#1179,.T.);
#1292=FACE_BOUND('',#1180,.T.);
#1293=FACE_BOUND('',#1181,.T.);
#1294=FACE_BOUND('',#1182,.T.);
#1295=FACE_BOUND('',#1183,.T.);
#1296=FACE_BOUND('',#1184,.T.);
#1297=FACE_BOUND('',#1185,.T.);
#1298=FACE_BOUND('',#1186,.T.);
#1299=FACE_BOUND('',#1187,.T.);
#1300=FACE_BOUND('',#1188,.T.);
#1301=FACE_BOUND('',#1189,.T.);
#1302=FACE_BOUND('',#1190,.T.);
#1303=FACE_BOUND('',#1191,.T.);
#1304=FACE_BOUND('',#1192,.T.);
#1305=FACE_BOUND('',#1193,.T.);
#1306=FACE_BOUND('',#1194,.T.);
#1307=FACE_BOUND('',#1195,.T.);
#1308=FACE_BOUND('',#1196,.T.);
#1309=FACE_BOUND('',#1197,.T.);
#1310=FACE_BOUND('',#1198,.T.);
#1311=FACE_BOUND('',#1199,.T.);
#1312=FACE_BOUND('',#1200,.T.);
#1313=FACE_BOUND('',#1201,.T.);
#1314=FACE_BOUND('',#1202,.T.);
#1315=FACE_BOUND('',#1203,.T.);
#1316=FACE_BOUND('',#1204,.T.);
#1317=FACE_BOUND('',#1205,.T.);
#1318=FACE_BOUND('',#1206,.T.);
#1319=FACE_BOUND('',#1207,.T.);
#1320=FACE_BOUND('',#1208,.T.);
#1321=FACE_BOUND('',#1209,.T.);
#1322=FACE_BOUND('',#1210,.T.);
#1323=FACE_BOUND('',#1211,.T.);
#1324=FACE_BOUND('',#1212,.T.);
#1325=FACE_BOUND('',#1213,.T.);
#1326=FACE_BOUND('',#1214,.T.);
#1327=FACE_BOUND('',#1215,.T.);
#1328=FACE_BOUND('',#1216,.T.);
#1329=FACE_BOUND('',#1217,.T.);
#1330=FACE_BOUND('',#1218,.T.);
#1331=FACE_BOUND('',#1219,.T.);
#1332=FACE_BOUND('',#1220,.T.);
#1333=FACE_BOUND('',#1221,.T.);
#1334=FACE_BOUND('',#1222,.T.);
#1335=FACE_BOUND('',#1223,.T.);
#1336=FACE_BOUND('',#1224,.T.);
#1337=FACE_BOUND('',#1225,.T.);
#1338=FACE_BOUND('',#1226,.T.);
#1339=FACE_BOUND('',#1227,.T.);
#1340=FACE_BOUND('',#1228,.T.);
#1341=FACE_BOUND('',#1229,.T.);
#1342=FACE_BOUND('',#1230,.T.);
#1343=FACE_BOUND('',#1231,.T.);
#1344=FACE_BOUND('',#1232,.T.);
#1345=FACE_BOUND('',#1233,.T.);
#1346=FACE_BOUND('',#1234,.T.);
#1347=FACE_BOUND('',#1235,.T.);
#1348=FACE_BOUND('',#1236,.T.);
#1349=FACE_BOUND('',#1237,.T.);
#1350=FACE_BOUND('',#1238,.T.);
#1351=FACE_BOUND('',#1239,.T.);
#1352=FACE_BOUND('',#1240,.T.);
#1353=FACE_BOUND('',#1241,.T.);
#1354=FACE_BOUND('',#1242,.T.);
#1355=FACE_BOUND('',#1243,.T.);
#1356=FACE_BOUND('',#1244,.T.);
#1357=FACE_BOUND('',#1245,.T.);
#1358=FACE_BOUND('',#1246,.T.);
#1359=FACE_BOUND('',#1247,.T.);
#1360=FACE_BOUND('',#1248,.T.);
#1361=FACE_BOUND('',#1249,.T.);
#1362=FACE_BOUND('',#1250,.T.);
#1363=FACE_BOUND('',#1251,.T.);
#1364=CONICAL_SURFACE('',#1475,0.21,0.785398163397447);
#1365=CONICAL_SURFACE('',#1478,0.21,0.785398163397447);
#1366=CONICAL_SURFACE('',#1481,0.14,0.105798172923794);
#1367=CONICAL_SURFACE('',#1483,0.14,0.105798172923794);
#1368=CONICAL_SURFACE('',#1485,0.35,0.099668652491162);
#1369=CONICAL_SURFACE('',#1488,0.35,0.099668652491162);
#1370=CONICAL_SURFACE('',#1493,1.125,0.785398163397449);
#1371=CONICAL_SURFACE('',#1516,1.205,0.785398163397448);
#1372=CONICAL_SURFACE('',#1522,1.24038403974048,0.610725964389209);
#1373=CONICAL_SURFACE('',#1612,0.35,0.785398163397445);
#1374=ADVANCED_FACE('',(#1252),#1364,.F.);
#1375=ADVANCED_FACE('',(#1253),#1365,.F.);
#1376=ADVANCED_FACE('',(#1254),#1366,.F.);
#1377=ADVANCED_FACE('',(#1255),#1367,.F.);
#1378=ADVANCED_FACE('',(#1256),#1368,.T.);
#1379=ADVANCED_FACE('',(#1257),#1369,.T.);
#1380=ADVANCED_FACE('',(#1258),#291,.T.);
#1381=ADVANCED_FACE('',(#1259),#292,.T.);
#1382=ADVANCED_FACE('',(#1260,#1261),#1370,.F.);
#1383=ADVANCED_FACE('',(#1262),#293,.F.);
#1384=ADVANCED_FACE('',(#1263),#294,.F.);
#1385=ADVANCED_FACE('',(#1264),#295,.F.);
#1386=ADVANCED_FACE('',(#1265),#296,.F.);
#1387=ADVANCED_FACE('',(#1266),#297,.F.);
#1388=ADVANCED_FACE('',(#1267),#298,.F.);
#1389=ADVANCED_FACE('',(#1268),#299,.F.);
#1390=ADVANCED_FACE('',(#1269,#1270,#1271),#300,.F.);
#1391=ADVANCED_FACE('',(#1272,#1273),#26,.F.);
#1392=ADVANCED_FACE('',(#1274,#1275),#1371,.F.);
#1393=ADVANCED_FACE('',(#1276,#1277),#27,.F.);
#1394=ADVANCED_FACE('',(#1278,#1279),#20,.T.);
#1395=ADVANCED_FACE('',(#1280,#1281),#1372,.F.);
#1396=ADVANCED_FACE('',(#1282,#1283),#301,.F.);
#1397=ADVANCED_FACE('',(#1284,#1285),#21,.T.);
#1398=ADVANCED_FACE('',(#1286,#1287),#28,.T.);
#1399=ADVANCED_FACE('',(#1288,#1289),#22,.F.);
#1400=ADVANCED_FACE('',(#1290,#1291),#29,.T.);
#1401=ADVANCED_FACE('',(#1292,#1293),#23,.F.);
#1402=ADVANCED_FACE('',(#1294,#1295),#30,.T.);
#1403=ADVANCED_FACE('',(#1296,#1297),#24,.F.);
#1404=ADVANCED_FACE('',(#1298,#1299),#31,.T.);
#1405=ADVANCED_FACE('',(#1300,#1301),#25,.F.);
#1406=ADVANCED_FACE('',(#1302,#1303),#32,.T.);
#1407=ADVANCED_FACE('',(#1304),#302,.T.);
#1408=ADVANCED_FACE('',(#1305),#303,.T.);
#1409=ADVANCED_FACE('',(#1306),#304,.T.);
#1410=ADVANCED_FACE('',(#1307),#33,.T.);
#1411=ADVANCED_FACE('',(#1308),#34,.T.);
#1412=ADVANCED_FACE('',(#1309),#35,.T.);
#1413=ADVANCED_FACE('',(#1310),#36,.T.);
#1414=ADVANCED_FACE('',(#1311),#305,.T.);
#1415=ADVANCED_FACE('',(#1312),#306,.T.);
#1416=ADVANCED_FACE('',(#1313),#307,.T.);
#1417=ADVANCED_FACE('',(#1314),#308,.T.);
#1418=ADVANCED_FACE('',(#1315),#309,.T.);
#1419=ADVANCED_FACE('',(#1316),#310,.T.);
#1420=ADVANCED_FACE('',(#1317),#311,.T.);
#1421=ADVANCED_FACE('',(#1318),#312,.T.);
#1422=ADVANCED_FACE('',(#1319),#313,.T.);
#1423=ADVANCED_FACE('',(#1320),#314,.T.);
#1424=ADVANCED_FACE('',(#1321),#315,.T.);
#1425=ADVANCED_FACE('',(#1322),#316,.T.);
#1426=ADVANCED_FACE('',(#1323),#317,.T.);
#1427=ADVANCED_FACE('',(#1324),#318,.T.);
#1428=ADVANCED_FACE('',(#1325),#319,.T.);
#1429=ADVANCED_FACE('',(#1326),#320,.T.);
#1430=ADVANCED_FACE('',(#1327),#321,.T.);
#1431=ADVANCED_FACE('',(#1328),#322,.F.);
#1432=ADVANCED_FACE('',(#1329),#323,.F.);
#1433=ADVANCED_FACE('',(#1330),#324,.F.);
#1434=ADVANCED_FACE('',(#1331),#325,.F.);
#1435=ADVANCED_FACE('',(#1332),#326,.F.);
#1436=ADVANCED_FACE('',(#1333,#1334),#327,.F.);
#1437=ADVANCED_FACE('',(#1335),#328,.T.);
#1438=ADVANCED_FACE('',(#1336),#329,.T.);
#1439=ADVANCED_FACE('',(#1337),#330,.T.);
#1440=ADVANCED_FACE('',(#1338),#331,.T.);
#1441=ADVANCED_FACE('',(#1339),#332,.T.);
#1442=ADVANCED_FACE('',(#1340),#333,.T.);
#1443=ADVANCED_FACE('',(#1341),#334,.T.);
#1444=ADVANCED_FACE('',(#1342),#335,.T.);
#1445=ADVANCED_FACE('',(#1343),#336,.T.);
#1446=ADVANCED_FACE('',(#1344),#337,.T.);
#1447=ADVANCED_FACE('',(#1345),#338,.T.);
#1448=ADVANCED_FACE('',(#1346),#37,.F.);
#1449=ADVANCED_FACE('',(#1347),#38,.F.);
#1450=ADVANCED_FACE('',(#1348),#39,.F.);
#1451=ADVANCED_FACE('',(#1349),#40,.F.);
#1452=ADVANCED_FACE('',(#1350),#339,.T.);
#1453=ADVANCED_FACE('',(#1351),#340,.F.);
#1454=ADVANCED_FACE('',(#1352,#1353),#1373,.T.);
#1455=ADVANCED_FACE('',(#1354,#1355),#41,.T.);
#1456=ADVANCED_FACE('',(#1356,#1357),#341,.F.);
#1457=ADVANCED_FACE('',(#1358,#1359),#42,.T.);
#1458=ADVANCED_FACE('',(#1360),#342,.F.);
#1459=ADVANCED_FACE('',(#1361),#343,.F.);
#1460=ADVANCED_FACE('',(#1362),#344,.F.);
#1461=ADVANCED_FACE('',(#1363),#345,.F.);
#1462=CLOSED_SHELL('',(#1374,#1375,#1376,#1377,#1378,#1379,#1380,#1381,
#1382,#1383,#1384,#1385,#1386,#1387,#1388,#1389,#1390,#1391,#1392,#1393,
#1394,#1395,#1396,#1397,#1398,#1399,#1400,#1401,#1402,#1403,#1404,#1405,
#1406,#1407,#1408,#1409,#1410,#1411,#1412,#1413,#1414,#1415,#1416,#1417,
#1418,#1419,#1420,#1421,#1422,#1423,#1424,#1425,#1426,#1427,#1428,#1429,
#1430,#1431,#1432,#1433,#1434,#1435,#1436,#1437,#1438,#1439,#1440,#1441,
#1442,#1443,#1444,#1445,#1446,#1447,#1448,#1449,#1450,#1451,#1452,#1453,
#1454,#1455,#1456,#1457,#1458,#1459,#1460,#1461));
#1463=STYLED_ITEM('',(#1464),#1471);
#1464=PRESENTATION_STYLE_ASSIGNMENT((#1465));
#1465=SURFACE_STYLE_USAGE(.BOTH.,#1466);
#1466=SURFACE_SIDE_STYLE('',(#1467));
#1467=SURFACE_STYLE_FILL_AREA(#1468);
#1468=FILL_AREA_STYLE('',(#1469));
#1469=FILL_AREA_STYLE_COLOUR('',#1470);
#1470=COLOUR_RGB('',0.961000025272369,0.885999977588654,0.344999998807907);
#1471=MANIFOLD_SOLID_BREP('MMCXV-J-P-HF-ST-TH1',#1462);
#1472=SHAPE_DEFINITION_REPRESENTATION(#2506,#1473);
#1473=SHAPE_REPRESENTATION('MMCXV-J-P-HF-ST-TH1',(#1474),#2501);
#1474=AXIS2_PLACEMENT_3D('',#2045,#1623,#1624);
#1475=AXIS2_PLACEMENT_3D('',#2046,#1625,#1626);
#1476=AXIS2_PLACEMENT_3D('',#2047,#1627,#1628);
#1477=AXIS2_PLACEMENT_3D('',#2055,#1629,#1630);
#1478=AXIS2_PLACEMENT_3D('',#2061,#1631,#1632);
#1479=AXIS2_PLACEMENT_3D('',#2062,#1633,#1634);
#1480=AXIS2_PLACEMENT_3D('',#2070,#1635,#1636);
#1481=AXIS2_PLACEMENT_3D('',#2076,#1637,#1638);
#1482=AXIS2_PLACEMENT_3D('',#2082,#1639,#1640);
#1483=AXIS2_PLACEMENT_3D('',#2088,#1641,#1642);
#1484=AXIS2_PLACEMENT_3D('',#2094,#1643,#1644);
#1485=AXIS2_PLACEMENT_3D('',#2100,#1645,#1646);
#1486=AXIS2_PLACEMENT_3D('',#2101,#1647,#1648);
#1487=AXIS2_PLACEMENT_3D('',#2109,#1649,#1650);
#1488=AXIS2_PLACEMENT_3D('',#2115,#1651,#1652);
#1489=AXIS2_PLACEMENT_3D('',#2116,#1653,#1654);
#1490=AXIS2_PLACEMENT_3D('',#2124,#1655,#1656);
#1491=AXIS2_PLACEMENT_3D('',#2130,#1657,#1658);
#1492=AXIS2_PLACEMENT_3D('',#2133,#1661,#1662);
#1493=AXIS2_PLACEMENT_3D('',#2136,#1665,#1666);
#1494=AXIS2_PLACEMENT_3D('',#2137,#1667,#1668);
#1495=AXIS2_PLACEMENT_3D('',#2139,#1669,#1670);
#1496=AXIS2_PLACEMENT_3D('',#2141,#1671,#1672);
#1497=AXIS2_PLACEMENT_3D('',#2160,#1682,#1683);
#1498=AXIS2_PLACEMENT_3D('',#2179,#1693,#1694);
#1499=AXIS2_PLACEMENT_3D('',#2198,#1704,#1705);
#1500=AXIS2_PLACEMENT_3D('',#2217,#1715,#1716);
#1501=AXIS2_PLACEMENT_3D('',#2220,#1718,#1719);
#1502=AXIS2_PLACEMENT_3D('',#2230,#1724,#1725);
#1503=AXIS2_PLACEMENT_3D('',#2233,#1727,#1728);
#1504=AXIS2_PLACEMENT_3D('',#2234,#1729,#1730);
#1505=AXIS2_PLACEMENT_3D('',#2237,#1732,#1733);
#1506=AXIS2_PLACEMENT_3D('',#2247,#1738,#1739);
#1507=AXIS2_PLACEMENT_3D('',#2250,#1741,#1742);
#1508=AXIS2_PLACEMENT_3D('',#2251,#1743,#1744);
#1509=AXIS2_PLACEMENT_3D('',#2254,#1746,#1747);
#1510=AXIS2_PLACEMENT_3D('',#2264,#1752,#1753);
#1511=AXIS2_PLACEMENT_3D('',#2267,#1755,#1756);
#1512=AXIS2_PLACEMENT_3D('',#2268,#1757,#1758);
#1513=AXIS2_PLACEMENT_3D('',#2269,#1759,#1760);
#1514=AXIS2_PLACEMENT_3D('',#2275,#1765,#1766);
#1515=AXIS2_PLACEMENT_3D('',#2276,#1767,#1768);
#1516=AXIS2_PLACEMENT_3D('',#2278,#1769,#1770);
#1517=AXIS2_PLACEMENT_3D('',#2279,#1771,#1772);
#1518=AXIS2_PLACEMENT_3D('',#2281,#1773,#1774);
#1519=AXIS2_PLACEMENT_3D('',#2282,#1775,#1776);
#1520=AXIS2_PLACEMENT_3D('',#2284,#1777,#1778);
#1521=AXIS2_PLACEMENT_3D('',#2285,#1779,#1780);
#1522=AXIS2_PLACEMENT_3D('',#2287,#1781,#1782);
#1523=AXIS2_PLACEMENT_3D('',#2288,#1783,#1784);
#1524=AXIS2_PLACEMENT_3D('',#2290,#1785,#1786);
#1525=AXIS2_PLACEMENT_3D('',#2291,#1787,#1788);
#1526=AXIS2_PLACEMENT_3D('',#2293,#1789,#1790);
#1527=AXIS2_PLACEMENT_3D('',#2294,#1791,#1792);
#1528=AXIS2_PLACEMENT_3D('',#2296,#1793,#1794);
#1529=AXIS2_PLACEMENT_3D('',#2297,#1795,#1796);
#1530=AXIS2_PLACEMENT_3D('',#2299,#1797,#1798);
#1531=AXIS2_PLACEMENT_3D('',#2300,#1799,#1800);
#1532=AXIS2_PLACEMENT_3D('',#2302,#1801,#1802);
#1533=AXIS2_PLACEMENT_3D('',#2303,#1803,#1804);
#1534=AXIS2_PLACEMENT_3D('',#2305,#1805,#1806);
#1535=AXIS2_PLACEMENT_3D('',#2306,#1807,#1808);
#1536=AXIS2_PLACEMENT_3D('',#2308,#1809,#1810);
#1537=AXIS2_PLACEMENT_3D('',#2309,#1811,#1812);
#1538=AXIS2_PLACEMENT_3D('',#2311,#1813,#1814);
#1539=AXIS2_PLACEMENT_3D('',#2312,#1815,#1816);
#1540=AXIS2_PLACEMENT_3D('',#2314,#1817,#1818);
#1541=AXIS2_PLACEMENT_3D('',#2315,#1819,#1820);
#1542=AXIS2_PLACEMENT_3D('',#2317,#1821,#1822);
#1543=AXIS2_PLACEMENT_3D('',#2318,#1823,#1824);
#1544=AXIS2_PLACEMENT_3D('',#2320,#1825,#1826);
#1545=AXIS2_PLACEMENT_3D('',#2321,#1827,#1828);
#1546=AXIS2_PLACEMENT_3D('',#2322,#1829,#1830);
#1547=AXIS2_PLACEMENT_3D('',#2323,#1831,#1832);
#1548=AXIS2_PLACEMENT_3D('',#2324,#1833,#1834);
#1549=AXIS2_PLACEMENT_3D('',#2325,#1835,#1836);
#1550=AXIS2_PLACEMENT_3D('',#2326,#1837,#1838);
#1551=AXIS2_PLACEMENT_3D('',#2327,#1839,#1840);
#1552=AXIS2_PLACEMENT_3D('',#2328,#1841,#1842);
#1553=AXIS2_PLACEMENT_3D('',#2329,#1843,#1844);
#1554=AXIS2_PLACEMENT_3D('',#2330,#1845,#1846);
#1555=AXIS2_PLACEMENT_3D('',#2331,#1847,#1848);
#1556=AXIS2_PLACEMENT_3D('',#2332,#1849,#1850);
#1557=AXIS2_PLACEMENT_3D('',#2333,#1851,#1852);
#1558=AXIS2_PLACEMENT_3D('',#2334,#1853,#1854);
#1559=AXIS2_PLACEMENT_3D('',#2335,#1855,#1856);
#1560=AXIS2_PLACEMENT_3D('',#2336,#1857,#1858);
#1561=AXIS2_PLACEMENT_3D('',#2337,#1859,#1860);
#1562=AXIS2_PLACEMENT_3D('',#2338,#1861,#1862);
#1563=AXIS2_PLACEMENT_3D('',#2346,#1867,#1868);
#1564=AXIS2_PLACEMENT_3D('',#2350,#1871,#1872);
#1565=AXIS2_PLACEMENT_3D('',#2354,#1875,#1876);
#1566=AXIS2_PLACEMENT_3D('',#2360,#1880,#1881);
#1567=AXIS2_PLACEMENT_3D('',#2364,#1884,#1885);
#1568=AXIS2_PLACEMENT_3D('',#2370,#1889,#1890);
#1569=AXIS2_PLACEMENT_3D('',#2378,#1895,#1896);
#1570=AXIS2_PLACEMENT_3D('',#2383,#1900,#1901);
#1571=AXIS2_PLACEMENT_3D('',#2387,#1904,#1905);
#1572=AXIS2_PLACEMENT_3D('',#2396,#1910,#1911);
#1573=AXIS2_PLACEMENT_3D('',#2404,#1916,#1917);
#1574=AXIS2_PLACEMENT_3D('',#2412,#1922,#1923);
#1575=AXIS2_PLACEMENT_3D('',#2415,#1926,#1927);
#1576=AXIS2_PLACEMENT_3D('',#2418,#1930,#1931);
#1577=AXIS2_PLACEMENT_3D('',#2420,#1933,#1934);
#1578=AXIS2_PLACEMENT_3D('',#2423,#1937,#1938);
#1579=AXIS2_PLACEMENT_3D('',#2428,#1941,#1942);
#1580=AXIS2_PLACEMENT_3D('',#2429,#1943,#1944);
#1581=AXIS2_PLACEMENT_3D('',#2430,#1945,#1946);
#1582=AXIS2_PLACEMENT_3D('',#2431,#1947,#1948);
#1583=AXIS2_PLACEMENT_3D('',#2432,#1949,#1950);
#1584=AXIS2_PLACEMENT_3D('',#2433,#1951,#1952);
#1585=AXIS2_PLACEMENT_3D('',#2434,#1953,#1954);
#1586=AXIS2_PLACEMENT_3D('',#2437,#1956,#1957);
#1587=AXIS2_PLACEMENT_3D('',#2442,#1960,#1961);
#1588=AXIS2_PLACEMENT_3D('',#2447,#1964,#1965);
#1589=AXIS2_PLACEMENT_3D('',#2452,#1968,#1969);
#1590=AXIS2_PLACEMENT_3D('',#2455,#1971,#1972);
#1591=AXIS2_PLACEMENT_3D('',#2456,#1973,#1974);
#1592=AXIS2_PLACEMENT_3D('',#2457,#1975,#1976);
#1593=AXIS2_PLACEMENT_3D('',#2458,#1977,#1978);
#1594=AXIS2_PLACEMENT_3D('',#2459,#1979,#1980);
#1595=AXIS2_PLACEMENT_3D('',#2460,#1981,#1982);
#1596=AXIS2_PLACEMENT_3D('',#2461,#1983,#1984);
#1597=AXIS2_PLACEMENT_3D('',#2463,#1986,#1987);
#1598=AXIS2_PLACEMENT_3D('',#2465,#1989,#1990);
#1599=AXIS2_PLACEMENT_3D('',#2467,#1992,#1993);
#1600=AXIS2_PLACEMENT_3D('',#2469,#1995,#1996);
#1601=AXIS2_PLACEMENT_3D('',#2471,#1998,#1999);
#1602=AXIS2_PLACEMENT_3D('',#2473,#2001,#2002);
#1603=AXIS2_PLACEMENT_3D('',#2475,#2004,#2005);
#1604=AXIS2_PLACEMENT_3D('',#2477,#2007,#2008);
#1605=AXIS2_PLACEMENT_3D('',#2478,#2009,#2010);
#1606=AXIS2_PLACEMENT_3D('',#2479,#2011,#2012);
#1607=AXIS2_PLACEMENT_3D('',#2480,#2013,#2014);
#1608=AXIS2_PLACEMENT_3D('',#2481,#2015,#2016);
#1609=AXIS2_PLACEMENT_3D('',#2482,#2017,#2018);
#1610=AXIS2_PLACEMENT_3D('',#2483,#2019,#2020);
#1611=AXIS2_PLACEMENT_3D('',#2484,#2021,#2022);
#1612=AXIS2_PLACEMENT_3D('',#2486,#2023,#2024);
#1613=AXIS2_PLACEMENT_3D('',#2487,#2025,#2026);
#1614=AXIS2_PLACEMENT_3D('',#2489,#2027,#2028);
#1615=AXIS2_PLACEMENT_3D('',#2490,#2029,#2030);
#1616=AXIS2_PLACEMENT_3D('',#2492,#2031,#2032);
#1617=AXIS2_PLACEMENT_3D('',#2493,#2033,#2034);
#1618=AXIS2_PLACEMENT_3D('',#2495,#2035,#2036);
#1619=AXIS2_PLACEMENT_3D('',#2496,#2037,#2038);
#1620=AXIS2_PLACEMENT_3D('',#2497,#2039,#2040);
#1621=AXIS2_PLACEMENT_3D('',#2498,#2041,#2042);
#1622=AXIS2_PLACEMENT_3D('',#2499,#2043,#2044);
#1623=DIRECTION('',(0.,0.,1.));
#1624=DIRECTION('',(1.,0.,0.));
#1625=DIRECTION('',(0.,1.,0.));
#1626=DIRECTION('',(0.,0.,1.));
#1627=DIRECTION('',(0.,-1.,0.));
#1628=DIRECTION('',(0.,0.,-1.));
#1629=DIRECTION('',(0.,-1.,0.));
#1630=DIRECTION('',(0.,0.,-1.));
#1631=DIRECTION('',(0.,1.,0.));
#1632=DIRECTION('',(0.,0.,1.));
#1633=DIRECTION('',(0.,-1.,0.));
#1634=DIRECTION('',(0.,0.,-1.));
#1635=DIRECTION('',(0.,-1.,0.));
#1636=DIRECTION('',(0.,0.,-1.));
#1637=DIRECTION('',(0.,-1.,0.));
#1638=DIRECTION('',(0.,0.,-1.));
#1639=DIRECTION('',(0.,-1.,0.));
#1640=DIRECTION('',(0.,0.,-1.));
#1641=DIRECTION('',(0.,-1.,0.));
#1642=DIRECTION('',(0.,0.,-1.));
#1643=DIRECTION('',(0.,-1.,0.));
#1644=DIRECTION('',(0.,0.,-1.));
#1645=DIRECTION('',(0.,-1.,0.));
#1646=DIRECTION('',(0.,0.,-1.));
#1647=DIRECTION('',(0.,-1.,0.));
#1648=DIRECTION('',(0.,0.,-1.));
#1649=DIRECTION('',(0.,-1.,0.));
#1650=DIRECTION('',(0.,0.,-1.));
#1651=DIRECTION('',(0.,-1.,0.));
#1652=DIRECTION('',(0.,0.,-1.));
#1653=DIRECTION('',(0.,-1.,0.));
#1654=DIRECTION('',(0.,0.,-1.));
#1655=DIRECTION('',(0.,-1.,0.));
#1656=DIRECTION('',(0.,0.,-1.));
#1657=DIRECTION('',(0.,1.,0.));
#1658=DIRECTION('',(0.,0.,1.));
#1659=DIRECTION('',(-1.,0.,0.));
#1660=DIRECTION('',(-1.,0.,0.));
#1661=DIRECTION('',(0.,1.,0.));
#1662=DIRECTION('',(0.,0.,1.));
#1663=DIRECTION('',(1.,0.,0.));
#1664=DIRECTION('',(1.,0.,0.));
#1665=DIRECTION('',(0.,-1.,0.));
#1666=DIRECTION('',(0.,0.,-1.));
#1667=DIRECTION('',(0.,-1.,0.));
#1668=DIRECTION('',(0.,0.,-1.));
#1669=DIRECTION('',(0.,-1.,0.));
#1670=DIRECTION('',(0.,0.,-1.));
#1671=DIRECTION('',(1.,0.,0.));
#1672=DIRECTION('',(0.,0.,-1.));
#1673=DIRECTION('',(0.,-1.,0.));
#1674=DIRECTION('',(0.,0.,1.));
#1675=DIRECTION('',(0.,1.,0.));
#1676=DIRECTION('',(0.,0.,1.));
#1677=DIRECTION('',(0.,-1.,0.));
#1678=DIRECTION('',(0.,0.,1.));
#1679=DIRECTION('',(0.,0.,1.));
#1680=DIRECTION('',(0.,-1.,0.));
#1681=DIRECTION('',(0.,0.,1.));
#1682=DIRECTION('',(0.,0.,-1.));
#1683=DIRECTION('',(-1.,0.,0.));
#1684=DIRECTION('',(0.,-1.,0.));
#1685=DIRECTION('',(1.,0.,0.));
#1686=DIRECTION('',(0.,1.,0.));
#1687=DIRECTION('',(1.,0.,0.));
#1688=DIRECTION('',(0.,-1.,0.));
#1689=DIRECTION('',(1.,0.,0.));
#1690=DIRECTION('',(1.,0.,0.));
#1691=DIRECTION('',(0.,-1.,0.));
#1692=DIRECTION('',(1.,0.,0.));
#1693=DIRECTION('',(-1.,0.,0.));
#1694=DIRECTION('',(0.,0.,1.));
#1695=DIRECTION('',(0.,-1.,0.));
#1696=DIRECTION('',(0.,0.,-1.));
#1697=DIRECTION('',(0.,1.,0.));
#1698=DIRECTION('',(0.,0.,-1.));
#1699=DIRECTION('',(0.,-1.,0.));
#1700=DIRECTION('',(0.,0.,-1.));
#1701=DIRECTION('',(0.,0.,-1.));
#1702=DIRECTION('',(0.,-1.,0.));
#1703=DIRECTION('',(0.,0.,-1.));
#1704=DIRECTION('',(0.,0.,1.));
#1705=DIRECTION('',(1.,0.,0.));
#1706=DIRECTION('',(0.,-1.,0.));
#1707=DIRECTION('',(-1.,0.,0.));
#1708=DIRECTION('',(0.,1.,0.));
#1709=DIRECTION('',(-1.,0.,0.));
#1710=DIRECTION('',(0.,-1.,0.));
#1711=DIRECTION('',(-1.,0.,0.));
#1712=DIRECTION('',(-1.,0.,0.));
#1713=DIRECTION('',(0.,-1.,0.));
#1714=DIRECTION('',(-1.,0.,0.));
#1715=DIRECTION('',(0.,1.,0.));
#1716=DIRECTION('',(0.,0.,1.));
#1717=DIRECTION('',(-1.,0.,0.));
#1718=DIRECTION('',(0.,1.,0.));
#1719=DIRECTION('',(1.,0.,0.));
#1720=DIRECTION('',(-1.,0.,0.));
#1721=DIRECTION('',(0.,0.,1.));
#1722=DIRECTION('',(1.,0.,0.));
#1723=DIRECTION('',(0.,0.,-1.));
#1724=DIRECTION('',(0.,1.,0.));
#1725=DIRECTION('',(0.,0.,1.));
#1726=DIRECTION('',(0.,0.,1.));
#1727=DIRECTION('',(0.,1.,0.));
#1728=DIRECTION('',(1.,0.,0.));
#1729=DIRECTION('',(0.,1.,0.));
#1730=DIRECTION('',(0.,0.,1.));
#1731=DIRECTION('',(0.,0.,1.));
#1732=DIRECTION('',(0.,1.,0.));
#1733=DIRECTION('',(1.,0.,0.));
#1734=DIRECTION('',(0.,0.,1.));
#1735=DIRECTION('',(1.,0.,0.));
#1736=DIRECTION('',(0.,0.,-1.));
#1737=DIRECTION('',(-1.,0.,0.));
#1738=DIRECTION('',(0.,1.,0.));
#1739=DIRECTION('',(0.,0.,1.));
#1740=DIRECTION('',(1.,0.,0.));
#1741=DIRECTION('',(0.,1.,0.));
#1742=DIRECTION('',(1.,0.,0.));
#1743=DIRECTION('',(0.,1.,0.));
#1744=DIRECTION('',(0.,0.,1.));
#1745=DIRECTION('',(1.,0.,0.));
#1746=DIRECTION('',(0.,1.,0.));
#1747=DIRECTION('',(1.,0.,0.));
#1748=DIRECTION('',(1.,0.,0.));
#1749=DIRECTION('',(0.,0.,-1.));
#1750=DIRECTION('',(-1.,0.,0.));
#1751=DIRECTION('',(0.,0.,1.));
#1752=DIRECTION('',(0.,1.,0.));
#1753=DIRECTION('',(0.,0.,1.));
#1754=DIRECTION('',(0.,0.,-1.));
#1755=DIRECTION('',(0.,1.,0.));
#1756=DIRECTION('',(1.,0.,0.));
#1757=DIRECTION('',(0.,-1.,0.));
#1758=DIRECTION('',(0.,0.,-1.));
#1759=DIRECTION('',(0.,-1.,0.));
#1760=DIRECTION('',(0.,0.,-1.));
#1761=DIRECTION('',(-1.,0.,0.));
#1762=DIRECTION('',(-1.,0.,0.));
#1763=DIRECTION('',(1.,0.,0.));
#1764=DIRECTION('',(1.,0.,0.));
#1765=DIRECTION('',(0.,-1.,0.));
#1766=DIRECTION('',(0.,0.,-1.));
#1767=DIRECTION('',(0.,-1.,0.));
#1768=DIRECTION('',(0.,0.,-1.));
#1769=DIRECTION('',(0.,-1.,0.));
#1770=DIRECTION('',(0.,0.,-1.));
#1771=DIRECTION('',(0.,-1.,0.));
#1772=DIRECTION('',(0.,0.,-1.));
#1773=DIRECTION('',(0.,-1.,0.));
#1774=DIRECTION('',(0.,0.,-1.));
#1775=DIRECTION('',(0.,-1.,0.));
#1776=DIRECTION('',(0.,0.,-1.));
#1777=DIRECTION('',(0.,-1.,0.));
#1778=DIRECTION('',(0.,0.,-1.));
#1779=DIRECTION('',(0.,-1.,0.));
#1780=DIRECTION('',(0.,0.,-1.));
#1781=DIRECTION('',(0.,1.,0.));
#1782=DIRECTION('',(0.,0.,1.));
#1783=DIRECTION('',(0.,-1.,0.));
#1784=DIRECTION('',(0.,0.,-1.));
#1785=DIRECTION('',(0.,-1.,0.));
#1786=DIRECTION('',(0.,0.,-1.));
#1787=DIRECTION('',(0.,-1.,0.));
#1788=DIRECTION('',(0.,0.,-1.));
#1789=DIRECTION('',(0.,-1.,0.));
#1790=DIRECTION('',(0.,0.,-1.));
#1791=DIRECTION('',(0.,-1.,0.));
#1792=DIRECTION('',(0.,0.,-1.));
#1793=DIRECTION('',(0.,-1.,0.));
#1794=DIRECTION('',(0.,0.,-1.));
#1795=DIRECTION('',(0.,-1.,0.));
#1796=DIRECTION('',(0.,0.,-1.));
#1797=DIRECTION('',(0.,-1.,0.));
#1798=DIRECTION('',(0.,0.,-1.));
#1799=DIRECTION('',(0.,-1.,0.));
#1800=DIRECTION('',(0.,0.,-1.));
#1801=DIRECTION('',(0.,-1.,0.));
#1802=DIRECTION('',(0.,0.,-1.));
#1803=DIRECTION('',(0.,-1.,0.));
#1804=DIRECTION('',(0.,0.,-1.));
#1805=DIRECTION('',(0.,-1.,0.));
#1806=DIRECTION('',(0.,0.,-1.));
#1807=DIRECTION('',(0.,-1.,0.));
#1808=DIRECTION('',(0.,0.,-1.));
#1809=DIRECTION('',(0.,-1.,0.));
#1810=DIRECTION('',(0.,0.,-1.));
#1811=DIRECTION('',(0.,-1.,0.));
#1812=DIRECTION('',(0.,0.,-1.));
#1813=DIRECTION('',(0.,-1.,0.));
#1814=DIRECTION('',(0.,0.,-1.));
#1815=DIRECTION('',(0.,-1.,0.));
#1816=DIRECTION('',(0.,0.,-1.));
#1817=DIRECTION('',(0.,-1.,0.));
#1818=DIRECTION('',(0.,0.,-1.));
#1819=DIRECTION('',(0.,-1.,0.));
#1820=DIRECTION('',(0.,0.,-1.));
#1821=DIRECTION('',(0.,-1.,0.));
#1822=DIRECTION('',(0.,0.,-1.));
#1823=DIRECTION('',(0.,-1.,0.));
#1824=DIRECTION('',(0.,0.,-1.));
#1825=DIRECTION('',(0.,-1.,0.));
#1826=DIRECTION('',(0.,0.,-1.));
#1827=DIRECTION('',(0.,-1.,0.));
#1828=DIRECTION('',(0.,0.,-1.));
#1829=DIRECTION('',(0.,-1.,0.));
#1830=DIRECTION('',(0.,0.,-1.));
#1831=DIRECTION('',(0.,-1.,0.));
#1832=DIRECTION('',(0.,0.,-1.));
#1833=DIRECTION('',(0.,-1.,0.));
#1834=DIRECTION('',(0.,0.,-1.));
#1835=DIRECTION('',(0.,1.,0.));
#1836=DIRECTION('',(0.,0.,1.));
#1837=DIRECTION('',(0.,1.,0.));
#1838=DIRECTION('',(1.,0.,0.));
#1839=DIRECTION('',(0.,1.,0.));
#1840=DIRECTION('',(0.,0.,1.));
#1841=DIRECTION('',(0.,1.,0.));
#1842=DIRECTION('',(1.,0.,0.));
#1843=DIRECTION('',(0.,1.,0.));
#1844=DIRECTION('',(0.,0.,1.));
#1845=DIRECTION('',(0.,1.,0.));
#1846=DIRECTION('',(1.,0.,0.));
#1847=DIRECTION('',(0.,-1.,0.));
#1848=DIRECTION('',(0.,0.,-1.));
#1849=DIRECTION('',(0.,1.,0.));
#1850=DIRECTION('',(1.,0.,0.));
#1851=DIRECTION('',(0.,-1.,0.));
#1852=DIRECTION('',(0.,0.,-1.));
#1853=DIRECTION('',(0.,-1.,0.));
#1854=DIRECTION('',(0.,0.,-1.));
#1855=DIRECTION('',(0.,-1.,0.));
#1856=DIRECTION('',(0.,0.,-1.));
#1857=DIRECTION('',(0.,1.,0.));
#1858=DIRECTION('',(1.,0.,0.));
#1859=DIRECTION('',(0.,1.,0.));
#1860=DIRECTION('',(0.,0.,1.));
#1861=DIRECTION('',(0.,0.,-1.));
#1862=DIRECTION('',(-1.,0.,0.));
#1863=DIRECTION('',(0.,1.,0.));
#1864=DIRECTION('',(-1.,0.,0.));
#1865=DIRECTION('',(0.,1.,0.));
#1866=DIRECTION('',(-1.,0.,0.));
#1867=DIRECTION('',(1.,0.,0.));
#1868=DIRECTION('',(0.,0.,-1.));
#1869=DIRECTION('',(0.,1.,0.));
#1870=DIRECTION('',(0.,0.,-1.));
#1871=DIRECTION('',(0.,0.,1.));
#1872=DIRECTION('',(1.,0.,0.));
#1873=DIRECTION('',(0.,1.,0.));
#1874=DIRECTION('',(1.,0.,0.));
#1875=DIRECTION('',(0.,0.,-1.));
#1876=DIRECTION('',(-1.,0.,0.));
#1877=DIRECTION('',(0.,1.,0.));
#1878=DIRECTION('',(-1.,0.,0.));
#1879=DIRECTION('',(0.,1.,0.));
#1880=DIRECTION('',(1.,0.,0.));
#1881=DIRECTION('',(0.,0.,-1.));
#1882=DIRECTION('',(0.,1.,0.));
#1883=DIRECTION('',(0.,0.,-1.));
#1884=DIRECTION('',(0.,0.,1.));
#1885=DIRECTION('',(1.,0.,0.));
#1886=DIRECTION('',(1.,0.,0.));
#1887=DIRECTION('',(0.,1.,0.));
#1888=DIRECTION('',(1.,0.,0.));
#1889=DIRECTION('',(0.,0.,-1.));
#1890=DIRECTION('',(-1.,0.,0.));
#1891=DIRECTION('',(-1.,0.,0.));
#1892=DIRECTION('',(0.,1.,0.));
#1893=DIRECTION('',(-1.,0.,0.));
#1894=DIRECTION('',(0.,1.,0.));
#1895=DIRECTION('',(1.,0.,0.));
#1896=DIRECTION('',(0.,0.,-1.));
#1897=DIRECTION('',(0.,1.,0.));
#1898=DIRECTION('',(0.,0.,-1.));
#1899=DIRECTION('',(0.,0.,-1.));
#1900=DIRECTION('',(0.,0.,1.));
#1901=DIRECTION('',(1.,0.,0.));
#1902=DIRECTION('',(0.,1.,0.));
#1903=DIRECTION('',(1.,0.,0.));
#1904=DIRECTION('',(0.,0.,-1.));
#1905=DIRECTION('',(-1.,0.,0.));
#1906=DIRECTION('',(-1.,0.,0.));
#1907=DIRECTION('',(0.,1.,0.));
#1908=DIRECTION('',(-1.,0.,0.));
#1909=DIRECTION('',(0.,1.,0.));
#1910=DIRECTION('',(1.,0.,0.));
#1911=DIRECTION('',(0.,0.,-1.));
#1912=DIRECTION('',(0.,0.,-1.));
#1913=DIRECTION('',(0.,1.,0.));
#1914=DIRECTION('',(0.,0.,-1.));
#1915=DIRECTION('',(0.,0.,-1.));
#1916=DIRECTION('',(0.,0.,1.));
#1917=DIRECTION('',(1.,0.,0.));
#1918=DIRECTION('',(1.,0.,0.));
#1919=DIRECTION('',(0.,1.,0.));
#1920=DIRECTION('',(1.,0.,0.));
#1921=DIRECTION('',(1.,0.,0.));
#1922=DIRECTION('',(-1.,0.,0.));
#1923=DIRECTION('',(0.,0.,1.));
#1924=DIRECTION('',(0.,0.,1.));
#1925=DIRECTION('',(0.,0.,1.));
#1926=DIRECTION('',(-1.,0.,0.));
#1927=DIRECTION('',(0.,0.,1.));
#1928=DIRECTION('',(0.,0.,1.));
#1929=DIRECTION('',(0.,0.,1.));
#1930=DIRECTION('',(-1.,0.,0.));
#1931=DIRECTION('',(0.,0.,1.));
#1932=DIRECTION('',(0.,0.,1.));
#1933=DIRECTION('',(-1.,0.,0.));
#1934=DIRECTION('',(0.,0.,1.));
#1935=DIRECTION('',(0.,0.,1.));
#1936=DIRECTION('',(0.,0.,1.));
#1937=DIRECTION('',(0.,1.,0.));
#1938=DIRECTION('',(0.,0.,1.));
#1939=DIRECTION('',(-1.,0.,0.));
#1940=DIRECTION('',(0.,0.,-1.));
#1941=DIRECTION('',(0.,1.,0.));
#1942=DIRECTION('',(1.,0.,0.));
#1943=DIRECTION('',(0.,1.,0.));
#1944=DIRECTION('',(0.,0.,1.));
#1945=DIRECTION('',(0.,1.,0.));
#1946=DIRECTION('',(0.,0.,1.));
#1947=DIRECTION('',(0.,1.,0.));
#1948=DIRECTION('',(0.,0.,1.));
#1949=DIRECTION('',(0.,1.,0.));
#1950=DIRECTION('',(0.,0.,1.));
#1951=DIRECTION('',(0.,1.,0.));
#1952=DIRECTION('',(0.,0.,1.));
#1953=DIRECTION('',(0.,1.,0.));
#1954=DIRECTION('',(0.,0.,1.));
#1955=DIRECTION('',(-1.,0.,0.));
#1956=DIRECTION('',(0.,1.,0.));
#1957=DIRECTION('',(1.,0.,0.));
#1958=DIRECTION('',(0.,0.,1.));
#1959=DIRECTION('',(0.,0.,-1.));
#1960=DIRECTION('',(0.,1.,0.));
#1961=DIRECTION('',(1.,0.,0.));
#1962=DIRECTION('',(-1.,0.,0.));
#1963=DIRECTION('',(1.,0.,0.));
#1964=DIRECTION('',(0.,1.,0.));
#1965=DIRECTION('',(1.,0.,0.));
#1966=DIRECTION('',(0.,0.,-1.));
#1967=DIRECTION('',(0.,0.,1.));
#1968=DIRECTION('',(0.,1.,0.));
#1969=DIRECTION('',(1.,0.,0.));
#1970=DIRECTION('',(1.,0.,0.));
#1971=DIRECTION('',(0.,1.,0.));
#1972=DIRECTION('',(0.,0.,1.));
#1973=DIRECTION('',(0.,1.,0.));
#1974=DIRECTION('',(1.,0.,0.));
#1975=DIRECTION('',(0.,1.,0.));
#1976=DIRECTION('',(0.,0.,1.));
#1977=DIRECTION('',(0.,1.,0.));
#1978=DIRECTION('',(1.,0.,0.));
#1979=DIRECTION('',(0.,1.,0.));
#1980=DIRECTION('',(0.,0.,1.));
#1981=DIRECTION('',(0.,1.,0.));
#1982=DIRECTION('',(1.,0.,0.));
#1983=DIRECTION('',(0.,0.,1.));
#1984=DIRECTION('',(1.,0.,0.));
#1985=DIRECTION('',(0.,-1.,0.));
#1986=DIRECTION('',(0.,0.,-1.));
#1987=DIRECTION('',(-1.,0.,0.));
#1988=DIRECTION('',(0.,-1.,0.));
#1989=DIRECTION('',(1.,0.,0.));
#1990=DIRECTION('',(0.,0.,-1.));
#1991=DIRECTION('',(0.,-1.,0.));
#1992=DIRECTION('',(-1.,0.,0.));
#1993=DIRECTION('',(0.,0.,1.));
#1994=DIRECTION('',(0.,-1.,0.));
#1995=DIRECTION('',(0.,0.,-1.));
#1996=DIRECTION('',(-1.,0.,0.));
#1997=DIRECTION('',(0.,-1.,0.));
#1998=DIRECTION('',(0.,0.,1.));
#1999=DIRECTION('',(1.,0.,0.));
#2000=DIRECTION('',(0.,-1.,0.));
#2001=DIRECTION('',(-1.,0.,0.));
#2002=DIRECTION('',(0.,0.,1.));
#2003=DIRECTION('',(0.,-1.,0.));
#2004=DIRECTION('',(1.,0.,0.));
#2005=DIRECTION('',(0.,0.,-1.));
#2006=DIRECTION('',(0.,-1.,0.));
#2007=DIRECTION('',(0.,-1.,0.));
#2008=DIRECTION('',(0.,0.,-1.));
#2009=DIRECTION('',(0.,-1.,0.));
#2010=DIRECTION('',(0.,0.,-1.));
#2011=DIRECTION('',(0.,-1.,0.));
#2012=DIRECTION('',(0.,0.,-1.));
#2013=DIRECTION('',(0.,1.,0.));
#2014=DIRECTION('',(1.,0.,0.));
#2015=DIRECTION('',(0.,-1.,0.));
#2016=DIRECTION('',(0.,0.,-1.));
#2017=DIRECTION('',(0.,1.,0.));
#2018=DIRECTION('',(0.,0.,1.));
#2019=DIRECTION('',(0.,1.,0.));
#2020=DIRECTION('',(0.,0.,1.));
#2021=DIRECTION('',(0.,-1.,0.));
#2022=DIRECTION('',(0.,0.,-1.));
#2023=DIRECTION('',(0.,1.,0.));
#2024=DIRECTION('',(0.,0.,1.));
#2025=DIRECTION('',(0.,-1.,0.));
#2026=DIRECTION('',(0.,0.,-1.));
#2027=DIRECTION('',(0.,-1.,0.));
#2028=DIRECTION('',(0.,0.,-1.));
#2029=DIRECTION('',(0.,-1.,0.));
#2030=DIRECTION('',(0.,0.,-1.));
#2031=DIRECTION('',(0.,1.,0.));
#2032=DIRECTION('',(0.,0.,1.));
#2033=DIRECTION('',(0.,-1.,0.));
#2034=DIRECTION('',(0.,0.,-1.));
#2035=DIRECTION('',(0.,-1.,0.));
#2036=DIRECTION('',(0.,0.,-1.));
#2037=DIRECTION('',(0.,0.0610485395348569,0.998134798421867));
#2038=DIRECTION('',(0.,-0.998134798421867,0.0610485395348569));
#2039=DIRECTION('',(0.,0.0610485395348569,-0.998134798421867));
#2040=DIRECTION('',(0.,0.998134798421867,0.0610485395348569));
#2041=DIRECTION('',(0.,0.0610485395348569,0.998134798421867));
#2042=DIRECTION('',(0.,-0.998134798421867,0.0610485395348569));
#2043=DIRECTION('',(0.,0.0610485395348569,-0.998134798421867));
#2044=DIRECTION('',(0.,0.998134798421867,0.0610485395348569));
#2045=CARTESIAN_POINT('',(0.,0.,0.));
#2046=CARTESIAN_POINT('',(0.,2.45,0.));
#2047=CARTESIAN_POINT('',(0.,2.45,0.));
#2048=CARTESIAN_POINT('',(-0.208307901066733,2.45,-0.0266048558194188));
#2049=CARTESIAN_POINT('',(0.208307901066733,2.45,-0.0266048558194188));
#2050=CARTESIAN_POINT('',(-0.208307901066733,2.45,-0.0266048558194188));
#2051=CARTESIAN_POINT('',(-0.184493790575511,2.42655940805192,-0.0280385438408421));
#2052=CARTESIAN_POINT('',(-0.160628008762978,2.40317158796961,-0.0294690041966842));
#2053=CARTESIAN_POINT('',(-0.136550504306026,2.38,-0.0308862392299527));
#2054=CARTESIAN_POINT('',(-0.136550504306026,2.38,-0.0308862392299527));
#2055=CARTESIAN_POINT('',(0.,2.38,0.));
#2056=CARTESIAN_POINT('',(0.136550504306026,2.38,-0.0308862392299527));
#2057=CARTESIAN_POINT('',(0.136550504306026,2.38,-0.0308862392299527));
#2058=CARTESIAN_POINT('',(0.160628008762978,2.40317158796961,-0.0294690041966842));
#2059=CARTESIAN_POINT('',(0.184493790575511,2.42655940805192,-0.0280385438408421));
#2060=CARTESIAN_POINT('',(0.208307901066733,2.45,-0.0266048558194188));
#2061=CARTESIAN_POINT('',(0.,2.45,0.));
#2062=CARTESIAN_POINT('',(0.,2.45,0.));
#2063=CARTESIAN_POINT('',(0.208307901066733,2.45,0.0266048558194188));
#2064=CARTESIAN_POINT('',(-0.208307901066733,2.45,0.0266048558194188));
#2065=CARTESIAN_POINT('',(0.208307901066733,2.45,0.0266048558194188));
#2066=CARTESIAN_POINT('',(0.184493790575511,2.42655940805192,0.0280385438408421));
#2067=CARTESIAN_POINT('',(0.160628008762978,2.40317158796961,0.0294690041966842));
#2068=CARTESIAN_POINT('',(0.136550504306026,2.38,0.0308862392299527));
#2069=CARTESIAN_POINT('',(0.136550504306026,2.38,0.0308862392299527));
#2070=CARTESIAN_POINT('',(0.,2.38,0.));
#2071=CARTESIAN_POINT('',(-0.136550504306026,2.38,0.0308862392299527));
#2072=CARTESIAN_POINT('',(-0.136550504306026,2.38,0.0308862392299527));
#2073=CARTESIAN_POINT('',(-0.160628008762978,2.40317158796961,0.0294690041966842));
#2074=CARTESIAN_POINT('',(-0.184493790575511,2.42655940805192,0.0280385438408421));
#2075=CARTESIAN_POINT('',(-0.208307901066733,2.45,0.0266048558194188));
#2076=CARTESIAN_POINT('',(0.,2.38,0.));
#2077=CARTESIAN_POINT('',(-0.136550504306026,2.38,-0.0308862392299527));
#2078=CARTESIAN_POINT('',(-0.172338608692818,2.00345365700139,-0.0539168001758308));
#2079=CARTESIAN_POINT('',(-0.206259753477264,1.62673418164719,-0.0769579503502091));
#2080=CARTESIAN_POINT('',(-0.24,1.25,-0.1));
#2081=CARTESIAN_POINT('',(-0.24,1.25,-0.1));
#2082=CARTESIAN_POINT('',(0.,1.25,0.));
#2083=CARTESIAN_POINT('',(0.24,1.25,-0.1));
#2084=CARTESIAN_POINT('',(0.24,1.25,-0.1));
#2085=CARTESIAN_POINT('',(0.20625974423455,1.62673428484876,-0.076957944038131));
#2086=CARTESIAN_POINT('',(0.172338633383134,2.00345339722098,-0.0539168160646811));
#2087=CARTESIAN_POINT('',(0.136550504306026,2.38,-0.0308862392299527));
#2088=CARTESIAN_POINT('',(0.,2.38,0.));
#2089=CARTESIAN_POINT('',(0.136550504306026,2.38,0.0308862392299527));
#2090=CARTESIAN_POINT('',(0.172338608692818,2.00345365700139,0.0539168001758307));
#2091=CARTESIAN_POINT('',(0.206259753477264,1.62673418164719,0.0769579503502091));
#2092=CARTESIAN_POINT('',(0.24,1.25,0.1));
#2093=CARTESIAN_POINT('',(0.24,1.25,0.1));
#2094=CARTESIAN_POINT('',(0.,1.25,0.));
#2095=CARTESIAN_POINT('',(-0.24,1.25,0.1));
#2096=CARTESIAN_POINT('',(-0.24,1.25,0.1));
#2097=CARTESIAN_POINT('',(-0.20625974423455,1.62673428484876,0.076957944038131));
#2098=CARTESIAN_POINT('',(-0.172338633383134,2.00345339722098,0.0539168160646811));
#2099=CARTESIAN_POINT('',(-0.136550504306026,2.38,0.0308862392299527));
#2100=CARTESIAN_POINT('',(0.,1.25,0.));
#2101=CARTESIAN_POINT('',(0.,2.45,0.));
#2102=CARTESIAN_POINT('',(-0.228456082534101,2.45,-0.0266048558194188));
#2103=CARTESIAN_POINT('',(0.228456082534101,2.45,-0.0266048558194188));
#2104=CARTESIAN_POINT('',(0.228456082534101,2.45,-0.0266048558194188));
#2105=CARTESIAN_POINT('',(0.265862537168435,2.05015809066107,-0.0510602346405601));
#2106=CARTESIAN_POINT('',(0.300955241115944,1.65010553370922,-0.075528497221636));
#2107=CARTESIAN_POINT('',(0.335410196624968,1.25,-0.1));
#2108=CARTESIAN_POINT('',(0.335410196624968,1.25,-0.1));
#2109=CARTESIAN_POINT('',(0.,1.25,0.));
#2110=CARTESIAN_POINT('',(-0.335410196624968,1.25,-0.1));
#2111=CARTESIAN_POINT('',(-0.335410196624969,1.25,-0.1));
#2112=CARTESIAN_POINT('',(-0.300955236513332,1.6501055871567,-0.0755284939526481));
#2113=CARTESIAN_POINT('',(-0.265862545372501,2.05015800296687,-0.0510602400041672));
#2114=CARTESIAN_POINT('',(-0.228456082534101,2.45,-0.0266048558194188));
#2115=CARTESIAN_POINT('',(0.,1.25,0.));
#2116=CARTESIAN_POINT('',(0.,2.45,0.));
#2117=CARTESIAN_POINT('',(0.228456082534101,2.45,0.0266048558194188));
#2118=CARTESIAN_POINT('',(-0.228456082534101,2.45,0.0266048558194188));
#2119=CARTESIAN_POINT('',(-0.228456082534101,2.45,0.0266048558194188));
#2120=CARTESIAN_POINT('',(-0.265862537168435,2.05015809066107,0.0510602346405601));
#2121=CARTESIAN_POINT('',(-0.300955241115944,1.65010553370922,0.075528497221636));
#2122=CARTESIAN_POINT('',(-0.335410196624968,1.25,0.1));
#2123=CARTESIAN_POINT('',(-0.335410196624968,1.25,0.1));
#2124=CARTESIAN_POINT('',(0.,1.25,0.));
#2125=CARTESIAN_POINT('',(0.335410196624968,1.25,0.1));
#2126=CARTESIAN_POINT('',(0.335410196624969,1.25,0.1));
#2127=CARTESIAN_POINT('',(0.300955236513332,1.6501055871567,0.0755284939526481));
#2128=CARTESIAN_POINT('',(0.265862545372501,2.05015800296687,0.0510602400041672));
#2129=CARTESIAN_POINT('',(0.228456082534101,2.45,0.0266048558194188));
#2130=CARTESIAN_POINT('',(0.23,2.45,0.));
#2131=CARTESIAN_POINT('',(0.23,2.45,-0.0266048558194188));
#2132=CARTESIAN_POINT('',(0.23,2.45,-0.0266048558194188));
#2133=CARTESIAN_POINT('',(0.23,2.45,0.));
#2134=CARTESIAN_POINT('',(0.23,2.45,0.0266048558194188));
#2135=CARTESIAN_POINT('',(0.23,2.45,0.0266048558194188));
#2136=CARTESIAN_POINT('',(0.,0.0999999999999999,0.));
#2137=CARTESIAN_POINT('',(0.,0.,0.));
#2138=CARTESIAN_POINT('',(0.,0.,-1.225));
#2139=CARTESIAN_POINT('',(0.,0.0750000000000001,0.));
#2140=CARTESIAN_POINT('',(0.,0.0750000000000001,-1.15));
#2141=CARTESIAN_POINT('',(-1.75,0.8,-1.4142135623731));
#2142=CARTESIAN_POINT('',(-1.75,0.8,-0.75));
#2143=CARTESIAN_POINT('',(-1.75,0.,-0.75));
#2144=CARTESIAN_POINT('',(-1.75,-0.4,-0.75));
#2145=CARTESIAN_POINT('',(-1.75,0.,-1.4142135623731));
#2146=CARTESIAN_POINT('',(-1.75,0.,0.75));
#2147=CARTESIAN_POINT('',(-1.75,0.8,0.75));
#2148=CARTESIAN_POINT('',(-1.75,-0.4,0.75));
#2149=CARTESIAN_POINT('',(-1.75,-0.4,-1.4142135623731));
#2150=CARTESIAN_POINT('',(-1.75,-0.4,1.4142135623731));
#2151=CARTESIAN_POINT('',(-1.75,0.8,1.4142135623731));
#2152=CARTESIAN_POINT('',(-1.75,0.8,1.4142135623731));
#2153=CARTESIAN_POINT('',(-1.75,0.8,-1.4142135623731));
#2154=CARTESIAN_POINT('',(-1.75,0.8,0.));
#2155=CARTESIAN_POINT('',(-1.75,0.8,-1.4142135623731));
#2156=CARTESIAN_POINT('',(-1.75,0.8,-1.41421356237309));
#2157=CARTESIAN_POINT('',(-1.75,0.8,-1.41421356237309));
#2158=CARTESIAN_POINT('',(-1.75,-0.4,-1.41421356237309));
#2159=CARTESIAN_POINT('',(-1.75,-0.4,-1.4142135623731));
#2160=CARTESIAN_POINT('',(-1.4142135623731,0.8,1.75));
#2161=CARTESIAN_POINT('',(-0.75,0.8,1.75));
#2162=CARTESIAN_POINT('',(-0.75,0.,1.75));
#2163=CARTESIAN_POINT('',(-0.75,-0.4,1.75));
#2164=CARTESIAN_POINT('',(-1.4142135623731,0.,1.75));
#2165=CARTESIAN_POINT('',(0.75,0.,1.75));
#2166=CARTESIAN_POINT('',(0.75,0.8,1.75));
#2167=CARTESIAN_POINT('',(0.75,-0.4,1.75));
#2168=CARTESIAN_POINT('',(-1.4142135623731,-0.4,1.75));
#2169=CARTESIAN_POINT('',(1.41421356237309,-0.4,1.75));
#2170=CARTESIAN_POINT('',(1.41421356237309,0.8,1.75));
#2171=CARTESIAN_POINT('',(1.41421356237309,0.8,1.75));
#2172=CARTESIAN_POINT('',(-1.4142135623731,0.8,1.75));
#2173=CARTESIAN_POINT('',(0.,0.8,1.75));
#2174=CARTESIAN_POINT('',(-1.4142135623731,0.8,1.75));
#2175=CARTESIAN_POINT('',(-1.4142135623731,0.8,1.75));
#2176=CARTESIAN_POINT('',(-1.4142135623731,0.8,1.75));
#2177=CARTESIAN_POINT('',(-1.4142135623731,-0.4,1.75));
#2178=CARTESIAN_POINT('',(-1.4142135623731,-0.4,1.75));
#2179=CARTESIAN_POINT('',(1.75,0.8,1.4142135623731));
#2180=CARTESIAN_POINT('',(1.75,0.8,0.75));
#2181=CARTESIAN_POINT('',(1.75,0.,0.75));
#2182=CARTESIAN_POINT('',(1.75,-0.4,0.75));
#2183=CARTESIAN_POINT('',(1.75,0.,1.4142135623731));
#2184=CARTESIAN_POINT('',(1.75,0.,-0.75));
#2185=CARTESIAN_POINT('',(1.75,0.8,-0.75));
#2186=CARTESIAN_POINT('',(1.75,-0.4,-0.75));
#2187=CARTESIAN_POINT('',(1.75,-0.4,1.4142135623731));
#2188=CARTESIAN_POINT('',(1.75,-0.4,-1.41421356237309));
#2189=CARTESIAN_POINT('',(1.75,0.8,-1.41421356237309));
#2190=CARTESIAN_POINT('',(1.75,0.8,-1.41421356237309));
#2191=CARTESIAN_POINT('',(1.75,0.8,1.4142135623731));
#2192=CARTESIAN_POINT('',(1.75,0.8,0.));
#2193=CARTESIAN_POINT('',(1.75,0.8,1.4142135623731));
#2194=CARTESIAN_POINT('',(1.75,0.8,1.4142135623731));
#2195=CARTESIAN_POINT('',(1.75,0.8,1.4142135623731));
#2196=CARTESIAN_POINT('',(1.75,-0.4,1.4142135623731));
#2197=CARTESIAN_POINT('',(1.75,-0.4,1.4142135623731));
#2198=CARTESIAN_POINT('',(1.4142135623731,0.8,-1.75));
#2199=CARTESIAN_POINT('',(0.75,0.8,-1.75));
#2200=CARTESIAN_POINT('',(0.75,0.,-1.75));
#2201=CARTESIAN_POINT('',(0.75,-0.4,-1.75));
#2202=CARTESIAN_POINT('',(1.4142135623731,0.,-1.75));
#2203=CARTESIAN_POINT('',(-0.75,0.,-1.75));
#2204=CARTESIAN_POINT('',(-0.75,0.8,-1.75));
#2205=CARTESIAN_POINT('',(-0.75,-0.4,-1.75));
#2206=CARTESIAN_POINT('',(1.4142135623731,-0.4,-1.75));
#2207=CARTESIAN_POINT('',(-1.41421356237309,-0.4,-1.75));
#2208=CARTESIAN_POINT('',(-1.41421356237309,0.8,-1.75));
#2209=CARTESIAN_POINT('',(-1.41421356237309,0.8,-1.75));
#2210=CARTESIAN_POINT('',(1.4142135623731,0.8,-1.75));
#2211=CARTESIAN_POINT('',(0.,0.8,-1.75));
#2212=CARTESIAN_POINT('',(1.4142135623731,0.8,-1.75));
#2213=CARTESIAN_POINT('',(1.4142135623731,0.8,-1.75));
#2214=CARTESIAN_POINT('',(1.4142135623731,0.8,-1.75));
#2215=CARTESIAN_POINT('',(1.4142135623731,-0.4,-1.75));
#2216=CARTESIAN_POINT('',(1.4142135623731,-0.4,-1.75));
#2217=CARTESIAN_POINT('',(-4.87890977618477E-14,-0.4,4.98732999343332E-14));
#2218=CARTESIAN_POINT('',(-4.87890977618477E-14,-0.4,0.75));
#2219=CARTESIAN_POINT('',(-1.29903810567666,-0.4,0.75));
#2220=CARTESIAN_POINT('',(4.11996825544492E-15,-0.4,-4.22838847269347E-15));
#2221=CARTESIAN_POINT('',(-1.0998181667894,-0.4,1.02));
#2222=CARTESIAN_POINT('',(-1.02,-0.4,1.02));
#2223=CARTESIAN_POINT('',(-1.52,-0.4,1.02));
#2224=CARTESIAN_POINT('',(-1.52,-0.4,1.02));
#2225=CARTESIAN_POINT('',(-1.52,-0.4,1.52));
#2226=CARTESIAN_POINT('',(-1.52,-0.4,1.52));
#2227=CARTESIAN_POINT('',(-1.02,-0.4,1.52));
#2228=CARTESIAN_POINT('',(-1.02,-0.4,1.52));
#2229=CARTESIAN_POINT('',(-1.02,-0.4,1.0998181667894));
#2230=CARTESIAN_POINT('',(4.11996825544492E-15,-0.4,-4.22838847269347E-15));
#2231=CARTESIAN_POINT('',(-0.75,-0.4,1.29903810567666));
#2232=CARTESIAN_POINT('',(-0.75,-0.4,1.29903810567666));
#2233=CARTESIAN_POINT('',(-4.87890977618477E-14,-0.4,4.98732999343332E-14));
#2234=CARTESIAN_POINT('',(-4.87890977618477E-14,-0.4,4.98732999343332E-14));
#2235=CARTESIAN_POINT('',(0.75,-0.4,4.98732999343332E-14));
#2236=CARTESIAN_POINT('',(0.75,-0.4,1.29903810567666));
#2237=CARTESIAN_POINT('',(-7.15573433840433E-15,-0.4,-7.15573433840433E-15));
#2238=CARTESIAN_POINT('',(1.02,-0.4,1.0998181667894));
#2239=CARTESIAN_POINT('',(1.02,-0.4,1.02));
#2240=CARTESIAN_POINT('',(1.02,-0.4,1.52));
#2241=CARTESIAN_POINT('',(1.02,-0.4,1.52));
#2242=CARTESIAN_POINT('',(1.52,-0.4,1.52));
#2243=CARTESIAN_POINT('',(1.52,-0.4,1.52));
#2244=CARTESIAN_POINT('',(1.52,-0.4,1.02));
#2245=CARTESIAN_POINT('',(1.52,-0.4,1.02));
#2246=CARTESIAN_POINT('',(1.0998181667894,-0.4,1.02));
#2247=CARTESIAN_POINT('',(-7.15573433840433E-15,-0.4,-7.15573433840433E-15));
#2248=CARTESIAN_POINT('',(1.29903810567666,-0.4,0.750000000000001));
#2249=CARTESIAN_POINT('',(1.29903810567666,-0.4,0.75));
#2250=CARTESIAN_POINT('',(1.2793585635329E-14,-0.4,1.21430643318376E-14));
#2251=CARTESIAN_POINT('',(-4.87890977618477E-14,-0.4,4.98732999343332E-14));
#2252=CARTESIAN_POINT('',(-4.87890977618477E-14,-0.4,-0.75));
#2253=CARTESIAN_POINT('',(1.29903810567666,-0.4,-0.75));
#2254=CARTESIAN_POINT('',(-8.67361737988404E-16,-0.4,1.0842021724855E-15));
#2255=CARTESIAN_POINT('',(1.0998181667894,-0.4,-1.02));
#2256=CARTESIAN_POINT('',(1.02,-0.4,-1.02));
#2257=CARTESIAN_POINT('',(1.52,-0.4,-1.02));
#2258=CARTESIAN_POINT('',(1.52,-0.4,-1.02));
#2259=CARTESIAN_POINT('',(1.52,-0.4,-1.52));
#2260=CARTESIAN_POINT('',(1.52,-0.4,-1.52));
#2261=CARTESIAN_POINT('',(1.02,-0.4,-1.52));
#2262=CARTESIAN_POINT('',(1.02,-0.4,-1.52));
#2263=CARTESIAN_POINT('',(1.02,-0.4,-1.0998181667894));
#2264=CARTESIAN_POINT('',(-8.67361737988404E-16,-0.4,1.0842021724855E-15));
#2265=CARTESIAN_POINT('',(0.75,-0.4,-1.29903810567666));
#2266=CARTESIAN_POINT('',(0.75,-0.4,-1.29903810567666));
#2267=CARTESIAN_POINT('',(5.00901403688303E-14,-0.4,-5.09575021068187E-14));
#2268=CARTESIAN_POINT('',(0.,1.25,0.));
#2269=CARTESIAN_POINT('',(0.,1.25,0.));
#2270=CARTESIAN_POINT('',(0.,1.25,-1.205));
#2271=CARTESIAN_POINT('',(0.35,1.25,-0.1));
#2272=CARTESIAN_POINT('',(0.35,1.25,-0.1));
#2273=CARTESIAN_POINT('',(-0.35,1.25,0.1));
#2274=CARTESIAN_POINT('',(-0.35,1.25,0.1));
#2275=CARTESIAN_POINT('',(0.,0.8,0.));
#2276=CARTESIAN_POINT('',(0.,1.695,0.));
#2277=CARTESIAN_POINT('',(0.,1.695,-1.205));
#2278=CARTESIAN_POINT('',(0.,1.695,0.));
#2279=CARTESIAN_POINT('',(0.,1.75,0.));
#2280=CARTESIAN_POINT('',(0.,1.75,-1.15));
#2281=CARTESIAN_POINT('',(0.,0.8,0.));
#2282=CARTESIAN_POINT('',(0.,3.29238888459045,0.));
#2283=CARTESIAN_POINT('',(0.,3.29238888459045,-1.15));
#2284=CARTESIAN_POINT('',(0.,3.29238888459045,0.));
#2285=CARTESIAN_POINT('',(0.,3.57912005677211,0.));
#2286=CARTESIAN_POINT('',(0.,3.57912005677211,-1.24038403974048));
#2287=CARTESIAN_POINT('',(0.,3.57912005677211,0.));
#2288=CARTESIAN_POINT('',(0.,3.95,0.));
#2289=CARTESIAN_POINT('',(0.,3.95,-1.5));
#2290=CARTESIAN_POINT('',(1.5,3.95,0.));
#2291=CARTESIAN_POINT('',(0.,3.95,0.));
#2292=CARTESIAN_POINT('',(0.,3.95,-1.65));
#2293=CARTESIAN_POINT('',(0.,3.85,0.));
#2294=CARTESIAN_POINT('',(0.,3.85,0.));
#2295=CARTESIAN_POINT('',(0.,3.85,-1.75));
#2296=CARTESIAN_POINT('',(0.,0.8,0.));
#2297=CARTESIAN_POINT('',(0.,2.55,0.));
#2298=CARTESIAN_POINT('',(0.,2.55,-1.75));
#2299=CARTESIAN_POINT('',(0.,2.425,0.));
#2300=CARTESIAN_POINT('',(0.,2.425,0.));
#2301=CARTESIAN_POINT('',(0.,2.425,-1.625));
#2302=CARTESIAN_POINT('',(0.,0.8,0.));
#2303=CARTESIAN_POINT('',(0.,2.275,0.));
#2304=CARTESIAN_POINT('',(0.,2.275,-1.625));
#2305=CARTESIAN_POINT('',(0.,2.275,0.));
#2306=CARTESIAN_POINT('',(0.,2.15,0.));
#2307=CARTESIAN_POINT('',(0.,2.15,-1.75));
#2308=CARTESIAN_POINT('',(0.,0.8,0.));
#2309=CARTESIAN_POINT('',(0.,1.85,0.));
#2310=CARTESIAN_POINT('',(0.,1.85,-1.75));
#2311=CARTESIAN_POINT('',(0.,1.725,0.));
#2312=CARTESIAN_POINT('',(0.,1.725,0.));
#2313=CARTESIAN_POINT('',(0.,1.725,-1.625));
#2314=CARTESIAN_POINT('',(0.,0.8,0.));
#2315=CARTESIAN_POINT('',(0.,1.575,0.));
#2316=CARTESIAN_POINT('',(0.,1.575,-1.625));
#2317=CARTESIAN_POINT('',(0.,1.575,0.));
#2318=CARTESIAN_POINT('',(0.,1.45,0.));
#2319=CARTESIAN_POINT('',(0.,1.45,-1.75));
#2320=CARTESIAN_POINT('',(0.,0.8,0.));
#2321=CARTESIAN_POINT('',(0.,0.8,0.));
#2322=CARTESIAN_POINT('',(0.,0.8,0.));
#2323=CARTESIAN_POINT('',(0.,0.8,0.));
#2324=CARTESIAN_POINT('',(0.,0.8,0.));
#2325=CARTESIAN_POINT('',(-4.87890977618477E-14,0.8,4.98732999343332E-14));
#2326=CARTESIAN_POINT('',(1.2793585635329E-14,0.8,1.21430643318376E-14));
#2327=CARTESIAN_POINT('',(-4.87890977618477E-14,0.8,4.98732999343332E-14));
#2328=CARTESIAN_POINT('',(5.00901403688303E-14,0.8,-5.09575021068187E-14));
#2329=CARTESIAN_POINT('',(-4.87890977618477E-14,0.8,4.98732999343332E-14));
#2330=CARTESIAN_POINT('',(-3.18755438710738E-14,0.8,-3.10081821330854E-14));
#2331=CARTESIAN_POINT('',(-4.87890977618477E-14,0.8,4.98732999343332E-14));
#2332=CARTESIAN_POINT('',(-4.87890977618477E-14,0.8,4.98732999343332E-14));
#2333=CARTESIAN_POINT('',(1.2793585635329E-14,0.8,1.21430643318376E-14));
#2334=CARTESIAN_POINT('',(5.00901403688303E-14,0.8,-5.09575021068187E-14));
#2335=CARTESIAN_POINT('',(-3.18755438710738E-14,0.8,-3.10081821330854E-14));
#2336=CARTESIAN_POINT('',(-3.18755438710738E-14,-0.4,-3.10081821330854E-14));
#2337=CARTESIAN_POINT('',(-4.87890977618477E-14,0.8,4.98732999343332E-14));
#2338=CARTESIAN_POINT('',(1.52,-3.45,1.02));
#2339=CARTESIAN_POINT('',(1.52,-3.45,1.02));
#2340=CARTESIAN_POINT('',(1.52,-3.45,1.02));
#2341=CARTESIAN_POINT('',(1.52,-3.45,1.02));
#2342=CARTESIAN_POINT('',(1.02,-3.45,1.02));
#2343=CARTESIAN_POINT('',(1.02,-3.45,1.02));
#2344=CARTESIAN_POINT('',(1.02,-0.4,1.02));
#2345=CARTESIAN_POINT('',(1.52,-0.4,1.02));
#2346=CARTESIAN_POINT('',(1.52,-3.45,1.52));
#2347=CARTESIAN_POINT('',(1.52,-3.45,1.52));
#2348=CARTESIAN_POINT('',(1.52,-3.45,1.52));
#2349=CARTESIAN_POINT('',(1.52,-3.45,1.52));
#2350=CARTESIAN_POINT('',(1.02,-3.45,1.52));
#2351=CARTESIAN_POINT('',(1.02,-3.45,1.52));
#2352=CARTESIAN_POINT('',(1.02,-3.45,1.52));
#2353=CARTESIAN_POINT('',(1.02,-3.45,1.52));
#2354=CARTESIAN_POINT('',(1.52,-3.45,-1.52));
#2355=CARTESIAN_POINT('',(1.52,-3.45,-1.52));
#2356=CARTESIAN_POINT('',(1.52,-3.45,-1.52));
#2357=CARTESIAN_POINT('',(1.52,-3.45,-1.52));
#2358=CARTESIAN_POINT('',(1.02,-3.45,-1.52));
#2359=CARTESIAN_POINT('',(1.02,-3.45,-1.52));
#2360=CARTESIAN_POINT('',(1.52,-3.45,-1.02));
#2361=CARTESIAN_POINT('',(1.52,-3.45,-1.02));
#2362=CARTESIAN_POINT('',(1.52,-3.45,-1.02));
#2363=CARTESIAN_POINT('',(1.52,-3.45,-1.02));
#2364=CARTESIAN_POINT('',(1.02,-3.45,-1.02));
#2365=CARTESIAN_POINT('',(1.02,-0.4,-1.02));
#2366=CARTESIAN_POINT('',(1.02,-0.4,-1.02));
#2367=CARTESIAN_POINT('',(1.02,-3.45,-1.02));
#2368=CARTESIAN_POINT('',(1.02,-3.45,-1.02));
#2369=CARTESIAN_POINT('',(1.02,-3.45,-1.02));
#2370=CARTESIAN_POINT('',(-1.02,-3.45,1.02));
#2371=CARTESIAN_POINT('',(-1.02,-0.4,1.02));
#2372=CARTESIAN_POINT('',(-1.02,-0.4,1.02));
#2373=CARTESIAN_POINT('',(-1.02,-3.45,1.02));
#2374=CARTESIAN_POINT('',(-1.02,-3.45,1.02));
#2375=CARTESIAN_POINT('',(-1.02,-3.45,1.02));
#2376=CARTESIAN_POINT('',(-1.52,-3.45,1.02));
#2377=CARTESIAN_POINT('',(-1.52,-3.45,1.02));
#2378=CARTESIAN_POINT('',(-1.02,-3.45,1.52));
#2379=CARTESIAN_POINT('',(-1.02,-3.45,1.52));
#2380=CARTESIAN_POINT('',(-1.02,-3.45,1.52));
#2381=CARTESIAN_POINT('',(-1.02,-3.45,1.52));
#2382=CARTESIAN_POINT('',(-1.02,-0.4,1.52));
#2383=CARTESIAN_POINT('',(-1.52,-3.45,1.52));
#2384=CARTESIAN_POINT('',(-1.52,-3.45,1.52));
#2385=CARTESIAN_POINT('',(-1.52,-3.45,1.52));
#2386=CARTESIAN_POINT('',(-1.52,-3.45,1.52));
#2387=CARTESIAN_POINT('',(-1.02,-3.45,-1.52));
#2388=CARTESIAN_POINT('',(-1.02,-0.4,-1.52));
#2389=CARTESIAN_POINT('',(-1.02,-0.4,-1.52));
#2390=CARTESIAN_POINT('',(-1.52,-0.4,-1.52));
#2391=CARTESIAN_POINT('',(-1.02,-3.45,-1.52));
#2392=CARTESIAN_POINT('',(-1.02,-3.45,-1.52));
#2393=CARTESIAN_POINT('',(-1.02,-3.45,-1.52));
#2394=CARTESIAN_POINT('',(-1.52,-3.45,-1.52));
#2395=CARTESIAN_POINT('',(-1.52,-3.45,-1.52));
#2396=CARTESIAN_POINT('',(-1.02,-3.45,-1.02));
#2397=CARTESIAN_POINT('',(-1.02,-0.4,-1.02));
#2398=CARTESIAN_POINT('',(-1.02,-0.4,-1.02));
#2399=CARTESIAN_POINT('',(-1.02,-0.4,-1.0998181667894));
#2400=CARTESIAN_POINT('',(-1.02,-3.45,-1.02));
#2401=CARTESIAN_POINT('',(-1.02,-3.45,-1.02));
#2402=CARTESIAN_POINT('',(-1.02,-3.45,-1.02));
#2403=CARTESIAN_POINT('',(-1.02,-0.4,-1.02));
#2404=CARTESIAN_POINT('',(-1.52,-3.45,-1.02));
#2405=CARTESIAN_POINT('',(-1.52,-0.4,-1.02));
#2406=CARTESIAN_POINT('',(-1.52,-0.4,-1.02));
#2407=CARTESIAN_POINT('',(-1.0998181667894,-0.4,-1.02));
#2408=CARTESIAN_POINT('',(-1.52,-3.45,-1.02));
#2409=CARTESIAN_POINT('',(-1.52,-3.45,-1.02));
#2410=CARTESIAN_POINT('',(-1.52,-3.45,-1.02));
#2411=CARTESIAN_POINT('',(-1.52,-0.4,-1.02));
#2412=CARTESIAN_POINT('',(1.02,-3.45,1.02));
#2413=CARTESIAN_POINT('',(1.02,-0.4,1.02));
#2414=CARTESIAN_POINT('',(1.02,-3.45,1.02));
#2415=CARTESIAN_POINT('',(1.02,-3.45,-1.52));
#2416=CARTESIAN_POINT('',(1.02,-3.45,-1.52));
#2417=CARTESIAN_POINT('',(1.02,-0.4,-1.52));
#2418=CARTESIAN_POINT('',(-1.52,-3.45,1.02));
#2419=CARTESIAN_POINT('',(-1.52,-3.45,1.02));
#2420=CARTESIAN_POINT('',(-1.52,-3.45,-1.52));
#2421=CARTESIAN_POINT('',(-1.52,-0.4,-1.52));
#2422=CARTESIAN_POINT('',(-1.52,-3.45,-1.52));
#2423=CARTESIAN_POINT('',(-4.87890977618477E-14,-0.4,4.98732999343332E-14));
#2424=CARTESIAN_POINT('',(-1.29903810567666,-0.4,-0.75));
#2425=CARTESIAN_POINT('',(-1.29903810567666,-0.4,-0.75));
#2426=CARTESIAN_POINT('',(-0.75,-0.4,4.98732999343332E-14));
#2427=CARTESIAN_POINT('',(-0.75,-0.4,-1.29903810567666));
#2428=CARTESIAN_POINT('',(4.22838847269347E-15,-0.4,4.11996825544492E-15));
#2429=CARTESIAN_POINT('',(4.22838847269347E-15,-0.4,4.11996825544492E-15));
#2430=CARTESIAN_POINT('',(-4.87890977618477E-14,-3.45,4.98732999343332E-14));
#2431=CARTESIAN_POINT('',(-4.87890977618477E-14,-3.45,4.98732999343332E-14));
#2432=CARTESIAN_POINT('',(-4.87890977618477E-14,-3.45,4.98732999343332E-14));
#2433=CARTESIAN_POINT('',(-4.87890977618477E-14,-3.45,4.98732999343332E-14));
#2434=CARTESIAN_POINT('',(-6.93889390390723E-15,0.,-1.0842021724855E-16));
#2435=CARTESIAN_POINT('',(-1.29903810567666,0.,-0.75));
#2436=CARTESIAN_POINT('',(-1.29903810567666,0.,-0.75));
#2437=CARTESIAN_POINT('',(4.22838847269347E-15,0.,4.11996825544492E-15));
#2438=CARTESIAN_POINT('',(-0.75,0.,-1.29903810567666));
#2439=CARTESIAN_POINT('',(-0.75,0.,-2.12132034355964));
#2440=CARTESIAN_POINT('',(0.75,0.,-1.29903810567666));
#2441=CARTESIAN_POINT('',(0.75,0.,-1.29903810567666));
#2442=CARTESIAN_POINT('',(-8.67361737988404E-16,0.,1.0842021724855E-15));
#2443=CARTESIAN_POINT('',(1.29903810567666,0.,-0.75));
#2444=CARTESIAN_POINT('',(2.12132034355964,0.,-0.75));
#2445=CARTESIAN_POINT('',(1.29903810567666,0.,0.75));
#2446=CARTESIAN_POINT('',(1.29903810567666,0.,0.750000000000001));
#2447=CARTESIAN_POINT('',(-7.15573433840433E-15,0.,-7.15573433840433E-15));
#2448=CARTESIAN_POINT('',(0.75,0.,1.29903810567666));
#2449=CARTESIAN_POINT('',(0.75,0.,2.12132034355964));
#2450=CARTESIAN_POINT('',(-0.75,0.,1.29903810567666));
#2451=CARTESIAN_POINT('',(-0.75,0.,1.29903810567666));
#2452=CARTESIAN_POINT('',(4.11996825544492E-15,0.,-4.22838847269347E-15));
#2453=CARTESIAN_POINT('',(-1.29903810567666,0.,0.75));
#2454=CARTESIAN_POINT('',(-2.12132034355964,0.,0.75));
#2455=CARTESIAN_POINT('',(-6.93889390390723E-15,-0.4,-1.0842021724855E-16));
#2456=CARTESIAN_POINT('',(4.11996825544492E-15,-0.4,-4.22838847269347E-15));
#2457=CARTESIAN_POINT('',(-6.93889390390723E-15,-0.4,-1.0842021724855E-16));
#2458=CARTESIAN_POINT('',(4.22838847269347E-15,-0.4,4.11996825544492E-15));
#2459=CARTESIAN_POINT('',(-6.93889390390723E-15,-0.4,-1.0842021724855E-16));
#2460=CARTESIAN_POINT('',(-7.15573433840433E-15,-0.4,-7.15573433840433E-15));
#2461=CARTESIAN_POINT('',(-1.29903810567666,0.,-0.75));
#2462=CARTESIAN_POINT('',(-1.29903810567666,0.,-0.75));
#2463=CARTESIAN_POINT('',(-2.12132034355964,0.,0.75));
#2464=CARTESIAN_POINT('',(-1.29903810567666,0.,0.75));
#2465=CARTESIAN_POINT('',(-0.75,0.,1.29903810567666));
#2466=CARTESIAN_POINT('',(-0.75,0.,1.29903810567666));
#2467=CARTESIAN_POINT('',(0.75,0.,2.12132034355964));
#2468=CARTESIAN_POINT('',(0.75,0.,1.29903810567666));
#2469=CARTESIAN_POINT('',(1.29903810567666,0.,0.75));
#2470=CARTESIAN_POINT('',(1.29903810567666,0.,0.750000000000001));
#2471=CARTESIAN_POINT('',(2.12132034355964,0.,-0.75));
#2472=CARTESIAN_POINT('',(1.29903810567666,0.,-0.75));
#2473=CARTESIAN_POINT('',(0.75,0.,-1.29903810567666));
#2474=CARTESIAN_POINT('',(0.75,0.,-1.29903810567666));
#2475=CARTESIAN_POINT('',(-0.75,0.,-2.12132034355964));
#2476=CARTESIAN_POINT('',(-0.75,0.,-1.29903810567666));
#2477=CARTESIAN_POINT('',(4.11996825544492E-15,0.,-4.22838847269347E-15));
#2478=CARTESIAN_POINT('',(-7.15573433840433E-15,0.,-7.15573433840433E-15));
#2479=CARTESIAN_POINT('',(-8.67361737988404E-16,0.,1.0842021724855E-15));
#2480=CARTESIAN_POINT('',(-8.67361737988404E-16,-0.4,1.0842021724855E-15));
#2481=CARTESIAN_POINT('',(4.22838847269347E-15,0.,4.11996825544492E-15));
#2482=CARTESIAN_POINT('',(-6.93889390390723E-15,-0.4,-1.0842021724855E-16));
#2483=CARTESIAN_POINT('',(0.25,-3.45,0.));
#2484=CARTESIAN_POINT('',(0.,-3.45,0.));
#2485=CARTESIAN_POINT('',(0.,-3.45,-0.25));
#2486=CARTESIAN_POINT('',(0.,-3.35,0.));
#2487=CARTESIAN_POINT('',(0.,-3.35,0.));
#2488=CARTESIAN_POINT('',(0.,-3.35,-0.35));
#2489=CARTESIAN_POINT('',(0.,-3.45,0.));
#2490=CARTESIAN_POINT('',(0.,-4.33680868994202E-16,0.));
#2491=CARTESIAN_POINT('',(0.,-4.33680868994202E-16,-0.35));
#2492=CARTESIAN_POINT('',(1.15,-5.68121938382404E-17,0.));
#2493=CARTESIAN_POINT('',(0.,0.,0.));
#2494=CARTESIAN_POINT('',(0.,0.,-1.15));
#2495=CARTESIAN_POINT('',(0.,-3.45,0.));
#2496=CARTESIAN_POINT('',(-0.35,1.25,0.1));
#2497=CARTESIAN_POINT('',(0.35,1.25,-0.1));
#2498=CARTESIAN_POINT('',(-0.35,1.25,0.1));
#2499=CARTESIAN_POINT('',(0.35,1.25,-0.1));
#2500=MECHANICAL_DESIGN_GEOMETRIC_PRESENTATION_REPRESENTATION('',(#1463),
#2501);
#2501=(
GEOMETRIC_REPRESENTATION_CONTEXT(3)
GLOBAL_UNCERTAINTY_ASSIGNED_CONTEXT((#2502))
GLOBAL_UNIT_ASSIGNED_CONTEXT((#2505,#2504,#2503))
REPRESENTATION_CONTEXT('MMCXV-J-P-HF-ST-TH1','TOP_LEVEL_ASSEMBLY_PART')
);
#2502=UNCERTAINTY_MEASURE_WITH_UNIT(LENGTH_MEASURE(0.005),#2505,
'DISTANCE_ACCURACY_VALUE','Maximum Tolerance applied to model');
#2503=(
NAMED_UNIT(*)
SI_UNIT($,.STERADIAN.)
SOLID_ANGLE_UNIT()
);
#2504=(
NAMED_UNIT(*)
PLANE_ANGLE_UNIT()
SI_UNIT($,.RADIAN.)
);
#2505=(
LENGTH_UNIT()
NAMED_UNIT(*)
SI_UNIT(.MILLI.,.METRE.)
);
#2506=PRODUCT_DEFINITION_SHAPE('','',#2507);
#2507=PRODUCT_DEFINITION('','',#2509,#2508);
#2508=PRODUCT_DEFINITION_CONTEXT('',#2515,'design');
#2509=PRODUCT_DEFINITION_FORMATION_WITH_SPECIFIED_SOURCE('','',#2511,
 .NOT_KNOWN.);
#2510=PRODUCT_RELATED_PRODUCT_CATEGORY('','',(#2511));
#2511=PRODUCT('MMCXV-J-P-HF-ST-TH1','MMCXV-J-P-HF-ST-TH1',
'MMCXV-J-P-HF-ST-TH1',(#2513));
#2512=PRODUCT_CATEGORY('','');
#2513=PRODUCT_CONTEXT('',#2515,'mechanical');
#2514=APPLICATION_PROTOCOL_DEFINITION('international standard',
'automotive_design',2010,#2515);
#2515=APPLICATION_CONTEXT(
'core data for automotive mechanical design processes');
ENDSEC;
END-ISO-10303-21;
